emissions_id,actor_id,year,total_emissions,datasource_id
GCoMEC:AT BRZ:2013.0,AT BRZ,2013,137075,GCoMEC:v2
GCoMEC:AT JDN:2015.0,AT JDN,2015,60455,GCoMEC:v2
GCoMEC:AT LXE:2014.0,AT LXE,2014,19647,GCoMEC:v2
GCoMEC:AT WEZ:2019.0,AT WEZ,2019,101534,GCoMEC:v2
GCoMEC:BA BHC:2020.0,BA BHC,2020,85616,GCoMEC:v2
GCoMEC:BA BJA:2020.0,BA BJA,2020,218566,GCoMEC:v2
GCoMEC:BA BNX:2015.0,BA BNX,2015,688894,GCoMEC:v2
GCoMEC:BA C6G:2006.0,BA C6G,2006,179418,GCoMEC:v2
GCoMEC:BA DBJ:2020.0,BA DBJ,2020,189316,GCoMEC:v2
GCoMEC:BA LKV:2020.0,BA LKV,2020,154017,GCoMEC:v2
GCoMEC:BA SMT:2020.0,BA SMT,2020,43635,GCoMEC:v2
GCoMEC:BA TBJ:2015.0,BA TBJ,2015,126670,GCoMEC:v2
GCoMEC:BA TZL:2020.0,BA TZL,2020,246010,GCoMEC:v2
GCoMEC:BA ZNK:2020.0,BA ZNK,2020,78410,GCoMEC:v2
GCoMEC:BE AAB:2017.0,BE AAB,2017,402247,GCoMEC:v2
GCoMEC:BE AES:2018.0,BE AES,2018,152028,GCoMEC:v2
GCoMEC:BE AKN:2014.0,BE AKN,2014,76492,GCoMEC:v2
GCoMEC:BE ANS:2012.0,BE ANS,2012,185549,GCoMEC:v2
GCoMEC:BE ASS:2014.0,BE ASS,2014,18303,GCoMEC:v2
GCoMEC:BE ATE:2012.0,BE ATE,2012,25230,GCoMEC:v2
GCoMH:BE ATH:2006.0,BE ATH,2006,158601,GCoMH:2021
GCoMEC:BE ATO:2014.0,BE ATO,2014,62320,GCoMEC:v2
GCoMEC:BE AUL:2014.0,BE AUL,2014,36638,GCoMEC:v2
GCoMEC:BE AYW:2014.0,BE AYW,2014,62347,GCoMEC:v2
GCoMH:BE BCO:2006.0,BE BCO,2006,204077,GCoMH:2021
GCoMEC:BE BEE:2017.0,BE BEE,2017,111990,GCoMEC:v2
GCoMEC:BE BGY:2018.0,BE BGY,2018,40388,GCoMEC:v2
GCoMEC:BE BKE:2017.0,BE BKE,2017,42427,GCoMEC:v2
GCoMEC:BE BKO:2018.0,BE BKO,2018,39060,GCoMEC:v2
GCoMEC:BE BLC:2014.0,BE BLC,2014,43953,GCoMEC:v2
GCoMEC:BE BLZ:2014.0,BE BLZ,2014,143313,GCoMEC:v2
GCoMEC:BE BMB:2018.0,BE BMB,2018,54536,GCoMEC:v2
GCoMEC:BE BOG:2014.0,BE BOG,2014,40327,GCoMEC:v2
GCoMEC:BE BRD:2017.0,BE BRD,2017,19965,GCoMEC:v2
GCoMEC:BE BRE:2014.0,BE BRE,2014,91868,GCoMEC:v2
GCoMEC:BE BRS:2014.0,BE BRS,2014,31226,GCoMEC:v2
GCoMEC:BE BSS:2013.0,BE BSS,2013,104164,GCoMEC:v2
GCoMEC:BE BTM:2018.0,BE BTM,2018,81651,GCoMEC:v2
GCoMEC:BE BUM:2018.0,BE BUM,2018,32027,GCoMEC:v2
GCoMEC:BE CCS:2012.0,BE CCS,2012,175924,GCoMEC:v2
GCoMEC:BE CFA:2013.0,BE CFA,2013,76787,GCoMEC:v2
GCoMEC:BE CFO:2014.0,BE CFO,2014,111538,GCoMEC:v2
GCoMEC:BE DBK:2017.0,BE DBK,2017,292301,GCoMEC:v2
GCoMEC:BE DIS:2014.0,BE DIS,2014,67886,GCoMEC:v2
GCoMEC:BE DPE:2018.0,BE DPE,2018,34961,GCoMEC:v2
GCoMEC:BE DPK:2014.0,BE DPK,2014,76908,GCoMEC:v2
GCoMEC:BE DSO:2014.0,BE DSO,2014,45913,GCoMEC:v2
GCoMEC:BE DVI:2014.0,BE DVI,2014,6752,GCoMEC:v2
GCoMEC:BE ECH:2017.0,BE ECH,2017,435411,GCoMEC:v2
GCoMEC:BE ECS:2014.0,BE ECS,2014,48554,GCoMEC:v2
GCoMEC:BE FES:2013.0,BE FES,2013,66453,GCoMEC:v2
GCoMEC:BE FMA:2012.0,BE FMA,2012,122298,GCoMEC:v2
GCoMEC:BE FME:2014.0,BE FME,2014,21448,GCoMEC:v2
GCoMEC:BE FRE:2014.0,BE FRE,2014,31034,GCoMEC:v2
GCoMEC:BE FRO:2017.0,BE FRO,2017,66287,GCoMEC:v2
GCoMEC:BE GBE:2017.0,BE GBE,2017,28425,GCoMEC:v2
GCoMEC:BE GED:2012.0,BE GED,2012,32109,GCoMEC:v2
GCoMEC:BE GEE:2014.0,BE GEE,2014,34575,GCoMEC:v2
GCoMEC:BE GHI:2013.0,BE GHI,2013,197679,GCoMEC:v2
GCoMEC:BE GLO:2014.0,BE GLO,2014,25487,GCoMEC:v2
GCoMEC:BE GNK:2014.0,BE GNK,2014,367130,GCoMEC:v2
GCoMEC:BE GOK:2018.0,BE GOK,2018,44962,GCoMEC:v2
GCoMEC:BE GPI:2014.0,BE GPI,2014,83396,GCoMEC:v2
GCoMEC:BE GRB:2017.0,BE GRB,2017,120055,GCoMEC:v2
GCoMEC:BE GSM:2014.0,BE GSM,2014,32596,GCoMEC:v2
GCoMEC:BE HAC:2017.0,BE HAC,2017,54191,GCoMEC:v2
GCoMEC:BE HAH:2014.0,BE HAH,2014,34351,GCoMEC:v2
GCoMEC:BE HAW:2014.0,BE HAW,2014,62295,GCoMEC:v2
GCoMEC:BE HDG:2016.0,BE HDG,2016,44523,GCoMEC:v2
GCoMEC:BE HEB:2017.0,BE HEB,2017,74512,GCoMEC:v2
GCoMEC:BE HEK:2014.0,BE HEK,2014,27114,GCoMEC:v2
GCoMEC:BE HEN:2018.0,BE HEN,2018,41226,GCoMEC:v2
GCoMEC:BE HET:2017.0,BE HET,2017,74512,GCoMEC:v2
GCoMEC:BE HFB:2017.0,BE HFB,2017,232905,GCoMEC:v2
GCoMEC:BE HGD:2018.0,BE HGD,2018,31080,GCoMEC:v2
GCoMEC:BE HHE:2014.0,BE HHE,2014,134333,GCoMEC:v2
GCoMEC:BE HKA:2014.0,BE HKA,2014,45010,GCoMEC:v2
GCoMEC:BE HLA:2014.0,BE HLA,2014,57475,GCoMEC:v2
GCoMEC:BE HLL:2017.0,BE HLL,2017,232905,GCoMEC:v2
GCoMEC:BE HNO:2014.0,BE HNO,2014,50251,GCoMEC:v2
GCoMEC:BE HNU:2014.0,BE HNU,2014,70740,GCoMEC:v2
GCoMEC:BE HOI:2017.0,BE HOI,2017,42993,GCoMEC:v2
GCoMEC:BE HON:2013.0,BE HON,2013,21398,GCoMEC:v2
GCoMEC:BE HSE:2014.0,BE HSE,2014,28526,GCoMEC:v2
GCoMEC:BE HSS:2015.0,BE HSS,2015,370491,GCoMEC:v2
GCoMEC:BE HUY:2014.0,BE HUY,2014,105746,GCoMEC:v2
GCoMEC:BE HZO:2014.0,BE HZO,2014,155231,GCoMEC:v2
GCoMEC:BE JHY:2014.0,BE JHY,2014,39570,GCoMEC:v2
GCoMEC:BE KMH:2017.0,BE KMH,2017,52350,GCoMEC:v2
GCoMEC:BE KRA:2017.0,BE KRA,2017,33888,GCoMEC:v2
GCoMEC:BE KRO:2014.0,BE KRO,2014,29978,GCoMEC:v2
GCoMEC:BE KTM:2014.0,BE KTM,2014,22221,GCoMEC:v2
GCoMEC:BE LAD:2018.0,BE LAD,2018,49410,GCoMEC:v2
GCoMEC:BE LAN:2014.0,BE LAN,2014,129929,GCoMEC:v2
GCoMEC:BE LBK:2018.0,BE LBK,2018,54485,GCoMEC:v2
GCoMEC:BE LCE:2014.0,BE LCE,2014,16525,GCoMEC:v2
GCoMEC:BE LDK:2017.0,BE LDK,2017,40248,GCoMEC:v2
GCoMEC:BE LEU:2015.0,BE LEU,2015,603137,GCoMEC:v2
GCoMEC:BE LIK:2018.0,BE LIK,2018,49647,GCoMEC:v2
GCoMEC:BE LIN:2018.0,BE LIN,2018,33036,GCoMEC:v2
GCoMEC:BE LLO:1990.0,BE LLO,1990,233770,GCoMEC:v2
GCoMEC:BE LML:2014.0,BE LML,2014,111989,GCoMEC:v2
GCoMEC:BE LNX:2014.0,BE LNX,2014,20956,GCoMEC:v2
GCoMEC:BE LNZ:2018.0,BE LNZ,2018,81168,GCoMEC:v2
GCoMEC:BE LOH:2018.0,BE LOH,2018,102223,GCoMEC:v2
GCoMEC:BE LRZ:2014.0,BE LRZ,2014,14942,GCoMEC:v2
GCoMEC:BE LUM:2014.0,BE LUM,2014,81995,GCoMEC:v2
GCoMEC:BE MAC:2017.0,BE MAC,2017,103367,GCoMEC:v2
GCoMEC:BE MBW:2014.0,BE MBW,2014,58740,GCoMEC:v2
GCoMEC:BE MCN:2017.0,BE MCN,2017,103367,GCoMEC:v2
GCoMEC:BE MEC:2017.0,BE MEC,2017,52332,GCoMEC:v2
GCoMEC:BE MGU:2014.0,BE MGU,2014,37056,GCoMEC:v2
GCoMEC:BE MHA:2014.0,BE MHA,2014,62295,GCoMEC:v2
GCoMEC:BE MIS:2018.0,BE MIS,2018,91718,GCoMEC:v2
GCoMEC:BE MMN:2014.0,BE MMN,2014,185546,GCoMEC:v2
GCoMEC:BE MSK:2014.0,BE MSK,2014,95070,GCoMEC:v2
GCoMEC:BE MTA:2006.0,BE MTA,2006,9453,GCoMEC:v2
GCoMEC:BE NIV:2014.0,BE NIV,2014,212598,GCoMEC:v2
GCoMEC:BE NNV:2018.0,BE NNV,2018,174783,GCoMEC:v2
GCoMEC:BE NPE:2012.0,BE NPE,2012,93000,GCoMEC:v2
GCoMEC:BE NRP:2014.0,BE NRP,2014,46996,GCoMEC:v2
GCoMEC:BE NSO:2006.0,BE NSO,2006,29079,GCoMEC:v2
GCoMEC:BE OBL:2017.0,BE OBL,2017,70228,GCoMEC:v2
GCoMEC:BE OHE:2018.0,BE OHE,2018,42069,GCoMEC:v2
GCoMEC:BE OIJ:2018.0,BE OIJ,2018,44871,GCoMEC:v2
GCoMEC:BE OJA:2014.0,BE OJA,2014,38993,GCoMEC:v2
GCoMEC:BE OPG:2014.0,BE OPG,2014,42488,GCoMEC:v2
GCoMEC:BE OVE:2014.0,BE OVE,2014,35597,GCoMEC:v2
GCoMEC:BE OVR:2015.0,BE OVR,2015,94588,GCoMEC:v2
GCoMEC:BE PBI:2014.0,BE PBI,2014,32361,GCoMEC:v2
GCoMEC:BE PCL:2014.0,BE PCL,2014,117201,GCoMEC:v2
GCoMEC:BE PEE:2014.0,BE PEE,2014,76990,GCoMEC:v2
GCoMEC:BE PEP:2014.0,BE PEP,2014,37644,GCoMEC:v2
GCoMEC:BE PIN:2018.0,BE PIN,2018,26664,GCoMEC:v2
GCoMEC:BE QRO:2013.0,BE QRO,2013,108554,GCoMEC:v2
GCoMEC:BE QVA:2013.0,BE QVA,2013,25226,GCoMEC:v2
GCoMEC:BE RBA:2018.0,BE RBA,2018,82246,GCoMEC:v2
GCoMEC:BE RIN:2014.0,BE RIN,2014,165006,GCoMEC:v2
GCoMEC:BE RIS:2014.0,BE RIS,2014,77549,GCoMEC:v2
GCoMEC:BE SAV:2012.0,BE SAV,2012,204187,GCoMEC:v2
GCoMEC:BE SHU:2007.0,BE SHU,2007,36719,GCoMEC:v2
GCoMEC:BE SLT:2014.0,BE SLT,2014,45217,GCoMEC:v2
GCoMEC:BE SMO:2014.0,BE SMO,2014,68558,GCoMEC:v2
GCoMEC:BE SNK:2015.0,BE SNK,2015,330782,GCoMEC:v2
GCoMEC:BE SNO:2013.0,BE SNO,2013,113255,GCoMEC:v2
GCoMEC:BE SOI:2014.0,BE SOI,2014,145297,GCoMEC:v2
GCoMEC:BE SPT:2018.0,BE SPT,2018,142750,GCoMEC:v2
GCoMEC:BE SPU:2017.0,BE SPU,2017,83173,GCoMEC:v2
GCoMEC:BE STR:2014.0,BE STR,2014,198069,GCoMEC:v2
GCoMEC:BE SYR:2014.0,BE SYR,2014,33815,GCoMEC:v2
GCoMEC:BE TEN:2017.0,BE TEN,2017,78248,GCoMEC:v2
GCoMEC:BE TER:2018.0,BE TER,2018,62321,GCoMEC:v2
GCoMEC:BE TES:2014.0,BE TES,2014,72149,GCoMEC:v2
GCoMEC:BE THU:2013.0,BE THU,2013,68412,GCoMEC:v2
GCoMEC:BE TIE:2018.0,BE TIE,2018,174044,GCoMEC:v2
GCoMEC:BE TMO:2018.0,BE TMO,2018,49463,GCoMEC:v2
GCoMEC:BE TON:2014.0,BE TON,2014,123654,GCoMEC:v2
GCoMEC:BE TVL:2018.0,BE TVL,2018,18309,GCoMEC:v2
GCoMEC:BE TWI:2018.0,BE TWI,2018,60324,GCoMEC:v2
GCoMEC:BE VER:2014.0,BE VER,2014,215401,GCoMEC:v2
GCoMEC:BE VIL:2018.0,BE VIL,2018,215972,GCoMEC:v2
GCoMEC:BE WAN:2014.0,BE WAN,2014,77755,GCoMEC:v2
GCoMEC:BE WEL:2014.0,BE WEL,2014,38648,GCoMEC:v2
GCoMEC:BE WIM:2014.0,BE WIM,2014,31870,GCoMEC:v2
GCoMEC:BE WKD:2014.0,BE WKD,2014,48863,GCoMEC:v2
GCoMEC:BE ZAV:2018.0,BE ZAV,2018,146459,GCoMEC:v2
GCoMEC:BE ZHV:2014.0,BE ZHV,2014,146429,GCoMEC:v2
GCoMEC:BE ZOU:2018.0,BE ZOU,2018,49378,GCoMEC:v2
GCoMEC:BE ZTL:2014.0,BE ZTL,2014,35355,GCoMEC:v2
GCoMEC:BG AND:2016.0,BG AND,2016,59043,GCoMEC:v2
GCoMEC:BG DOD:2016.0,BG DOD,2016,90645,GCoMEC:v2
GCoMEC:BG GAV:2018.0,BG GAV,2018,174995,GCoMEC:v2
GCoMEC:BG KBR:2011.0,BG KBR,2011,216508,GCoMEC:v2
GCoMEC:BG PEG:2011.0,BG PEG,2011,146948,GCoMEC:v2
GCoMEC:BG SOF:2015.0,BG SOF,2015,5176641,GCoMEC:v2
GCoMEC:BY NHK:2016.0,BY NHK,2016,129465,GCoMEC:v2
GCoMEC:CH LAU:2018.0,CH LAU,2018,477363,GCoMEC:v2
GCoMEC:CH MNT:2015.0,CH MNT,2015,145895,GCoMEC:v2
GCoMEC:CH ZKZ:2010.0,CH ZKZ,2010,83579,GCoMEC:v2
GCoMEC:CY LCA:2014.0,CY LCA,2014,278046,GCoMEC:v2
GCoMEC:CZ CHR:2015.0,CZ CHR,2015,99261,GCoMEC:v2
GCoMEC:CZ LBR:2015.0,CZ LBR,2015,387019,GCoMEC:v2
GCoMEC:CZ LTC:2015.0,CZ LTC,2015,82318,GCoMEC:v2
GCoMEC:CZ OSR:2015.0,CZ OSR,2015,1042812,GCoMEC:v2
GCoMEC:DE 6B5:2010.0,DE 6B5,2010,98042,GCoMEC:v2
GCoMEC:DE 76C:2014.0,DE 76C,2014,1722849,GCoMEC:v2
GCoMEC:DE AAH:2015.0,DE AAH,2015,1518153,GCoMEC:v2
GCoMEC:DE BER:2012.0,DE BER,2012,20805374,GCoMEC:v2
GCoMEC:DE BOE:2015.0,DE BOE,2015,413946,GCoMEC:v2
GCoMEC:DE BON:2012.0,DE BON,2012,2350297,GCoMEC:v2
GCoMEC:DE BOT:2012.0,DE BOT,2012,884954,GCoMEC:v2
GCoMEC:DE BRE:2012.0,DE BRE,2012,9281313,GCoMEC:v2
GCoMEC:DE BWU:2015.0,DE BWU,2015,413946,GCoMEC:v2
GCoMEC:DE DRS:2014.0,DE DRS,2014,3781878,GCoMEC:v2
GCoMEC:DE DTM:2008.0,DE DTM,2008,3826878,GCoMEC:v2
GCoMEC:DE DUI:2010.0,DE DUI,2010,3712373,GCoMEC:v2
GCoMEC:DE DUS:2007.0,DE DUS,2007,5668450,GCoMEC:v2
GCoMEC:DE EEN:2011.0,DE EEN,2011,4329421,GCoMEC:v2
GCoMEC:DE ESL:2010.0,DE ESL,2010,971862,GCoMEC:v2
GCoMEC:DE ESS:2011.0,DE ESS,2011,4329421,GCoMEC:v2
GCoMEC:DE FDH:2010.0,DE FDH,2010,624756,GCoMEC:v2
GCoMEC:DE FEL:2015.0,DE FEL,2015,196607,GCoMEC:v2
GCoMEC:DE FTX:2011.0,DE FTX,2011,74688,GCoMEC:v2
GCoMEC:DE GLB:2010.0,DE GLB,2010,32753,GCoMEC:v2
GCoMEC:DE HAJ:2017.0,DE HAJ,2017,4239761,GCoMEC:v2
GCoMEC:DE HAM:2015.0,DE HAM,2015,12667190,GCoMEC:v2
GCoMEC:DE HAU:2014.0,DE HAU,2014,825370,GCoMEC:v2
GCoMEC:DE HEI:2010.0,DE HEI,2010,1156836,GCoMEC:v2
GCoMEC:DE HRT:2010.0,DE HRT,2010,1064136,GCoMEC:v2
GCoMEC:DE LOE:2013.0,DE LOE,2013,418594,GCoMEC:v2
GCoMEC:DE LUG:2016.0,DE LUG,2016,495453,GCoMEC:v2
GCoMEC:DE LUH:2008.0,DE LUH,2008,1201245,GCoMEC:v2
GCoMEC:DE LWG:2016.0,DE LWG,2016,495453,GCoMEC:v2
GCoMEC:DE MHG:2005.0,DE MHG,2005,2600593,GCoMEC:v2
GCoMEC:DE MSR:2017.0,DE MSR,2017,1876,GCoMEC:v2
GCoMEC:DE MUS:2017.0,DE MUS,2017,1876,GCoMEC:v2
GCoMEC:DE NET:2011.0,DE NET,2011,258022,GCoMEC:v2
GCoMEC:DE NUE:2013.0,DE NUE,2013,3691086,GCoMEC:v2
GCoMEC:DE OBE:2017.0,DE OBE,2017,1225318,GCoMEC:v2
GCoMEC:DE OHS:2017.0,DE OHS,2017,1225318,GCoMEC:v2
GCoMEC:DE ONU:2011.0,DE ONU,2011,4329421,GCoMEC:v2
GCoMEC:DE PFO:2010.0,DE PFO,2010,823774,GCoMEC:v2
GCoMEC:DE RME:2012.0,DE RME,2012,9281313,GCoMEC:v2
GCoMEC:DE SSK:2010.0,DE SSK,2010,971862,GCoMEC:v2
GCoMEC:DE STR:2009.0,DE STR,2009,4855803,GCoMEC:v2
GCoMEC:DE WOB:2014.0,DE WOB,2014,615838,GCoMEC:v2
GCoMEC:DE WOR:2012.0,DE WOR,2012,742418,GCoMEC:v2
GCoMEC:DK AAL:2012.0,DK AAL,2012,1200337,GCoMEC:v2
GCoMEC:DK AAR:2017.0,DK AAR,2017,1246923,GCoMEC:v2
GCoMEC:DK HSB:2017.0,DK HSB,2017,297705,GCoMEC:v2
GCoMEC:DK RNG:2013.0,DK RNG,2013,137235,GCoMEC:v2
GCoMEC:DK SGD:2019.0,DK SGD,2019,397101,GCoMEC:v2
GCoMEC:DK SLG:2014.0,DK SLG,2014,550598,GCoMEC:v2
GCoMEC:DK VOR:2017.0,DK VOR,2017,259392,GCoMEC:v2
GCoMEC:EE RAK:2011.0,EE RAK,2011,23713,GCoMEC:v2
GCoMEC:EE TLL:2015.0,EE TLL,2015,3491624,GCoMEC:v2
GCoMEC:ES 2GL:2013.0,ES 2GL,2013,20936,GCoMEC:v2
GCoMEC:ES 9BJ:2012.0,ES 9BJ,2012,60275,GCoMEC:v2
GCoMEC:ES A8D:2017.0,ES A8D,2017,63025,GCoMEC:v2
GCoMEC:ES AAH:2012.0,ES AAH,2012,47464,GCoMEC:v2
GCoMEC:ES AAR:2014.0,ES AAR,2014,8640,GCoMEC:v2
GCoMEC:ES AB2:2012.0,ES AB2,2012,1111,GCoMEC:v2
GCoMEC:ES ABE:2017.0,ES ABE,2017,82994,GCoMEC:v2
GCoMEC:ES AC2:2012.0,ES AC2,2012,2944,GCoMEC:v2
GCoMEC:ES ACB:2012.0,ES ACB,2012,62637,GCoMEC:v2
GCoMEC:ES ACN:2013.0,ES ACN,2013,22633,GCoMEC:v2
GCoMEC:ES ADC:2015.0,ES ADC,2015,9371,GCoMEC:v2
GCoMEC:ES ADP:2015.0,ES ADP,2015,589,GCoMEC:v2
GCoMEC:ES ADR:2012.0,ES ADR,2012,81183,GCoMEC:v2
GCoMEC:ES AEO:2013.0,ES AEO,2013,61152,GCoMEC:v2
GCoMEC:ES AES:2015.0,ES AES,2015,1300,GCoMEC:v2
GCoMEC:ES AFF:2012.0,ES AFF,2012,19747,GCoMEC:v2
GCoMEC:ES AFR:2013.0,ES AFR,2013,187208,GCoMEC:v2
GCoMEC:ES AGP:2017.0,ES AGP,2017,1682732,GCoMEC:v2
GCoMEC:ES AHA:2012.0,ES AHA,2012,10555,GCoMEC:v2
GCoMEC:ES AHI:2013.0,ES AHI,2013,83067,GCoMEC:v2
GCoMEC:ES AHZ:2013.0,ES AHZ,2013,37500,GCoMEC:v2
GCoMEC:ES AIA:2012.0,ES AIA,2012,7270,GCoMEC:v2
GCoMEC:ES AJG:2013.0,ES AJG,2013,51100,GCoMEC:v2
GCoMEC:ES AKA:2012.0,ES AKA,2012,70787,GCoMEC:v2
GCoMEC:ES AKC:2012.0,ES AKC,2012,28802,GCoMEC:v2
GCoMH:ES AKJ:2010.0,ES AKJ,2010,122912,GCoMH:2021
GCoMEC:ES AKM:2013.0,ES AKM,2013,3882,GCoMEC:v2
GCoMEC:ES AKQ:2012.0,ES AKQ,2012,2944,GCoMEC:v2
GCoMEC:ES ALD:2017.0,ES ALD,2017,101835,GCoMEC:v2
GCoMEC:ES ALG:2013.0,ES ALG,2013,468479,GCoMEC:v2
GCoMEC:ES ALK:2017.0,ES ALK,2017,101835,GCoMEC:v2
GCoMEC:ES AMU:2015.0,ES AMU,2015,31804,GCoMEC:v2
GCoMEC:ES ANT:2012.0,ES ANT,2012,39919,GCoMEC:v2
GCoMEC:ES AOS:2012.0,ES AOS,2012,15775,GCoMEC:v2
GCoMEC:ES AOT:2015.0,ES AOT,2015,1098,GCoMEC:v2
GCoMEC:ES APE:2016.0,ES APE,2016,46929,GCoMEC:v2
GCoMEC:ES AQR:2013.0,ES AQR,2013,219466,GCoMEC:v2
GCoMEC:ES AQW:2015.0,ES AQW,2015,76375,GCoMEC:v2
GCoMEC:ES AR8:2013.0,ES AR8,2013,14414,GCoMEC:v2
GCoMEC:ES ARN:2012.0,ES ARN,2012,49675,GCoMEC:v2
GCoMEC:ES ARQ:2012.0,ES ARQ,2012,4303,GCoMEC:v2
GCoMEC:ES AUT:2014.0,ES AUT,2014,30805,GCoMEC:v2
GCoMEC:ES AXZ:2012.0,ES AXZ,2012,1387,GCoMEC:v2
GCoMEC:ES AYA:2013.0,ES AYA,2013,166713,GCoMEC:v2
GCoMEC:ES BAA:2012.0,ES BAA,2012,89939,GCoMEC:v2
GCoMEC:ES BAD:2012.0,ES BAD,2012,536192,GCoMEC:v2
GCoMEC:ES BAI:2012.0,ES BAI,2012,33568,GCoMEC:v2
GCoMEC:ES BAS:2015.0,ES BAS,2015,133576,GCoMEC:v2
GCoMEC:ES BCA:2014.0,ES BCA,2014,7327,GCoMEC:v2
GCoMEC:ES BCN:2017.0,ES BCN,2017,3047404,GCoMEC:v2
GCoMEC:ES BDF:2013.0,ES BDF,2013,63029,GCoMEC:v2
GCoMEC:ES BDG:2012.0,ES BDG,2012,10885,GCoMEC:v2
GCoMEC:ES BDV:2016.0,ES BDV,2016,125690,GCoMEC:v2
GCoMEC:ES BIG:2015.0,ES BIG,2015,9820,GCoMEC:v2
GCoMEC:ES BIO:2018.0,ES BIO,2018,1119582,GCoMEC:v2
GCoMEC:ES BIR:2015.0,ES BIR,2015,9938,GCoMEC:v2
GCoMEC:ES BJA:2012.0,ES BJA,2012,51337,GCoMEC:v2
GCoMEC:ES BJC:2013.0,ES BJC,2013,25805,GCoMEC:v2
GCoMEC:ES BJZ:2012.0,ES BJZ,2012,668417,GCoMEC:v2
GCoMEC:ES BLM:2015.0,ES BLM,2015,37424,GCoMEC:v2
GCoMEC:ES BMF:2015.0,ES BMF,2015,943,GCoMEC:v2
GCoMEC:ES BNH:2012.0,ES BNH,2012,13194,GCoMEC:v2
GCoMEC:ES BNS:2013.0,ES BNS,2013,11877,GCoMEC:v2
GCoMEC:ES BPU:2014.0,ES BPU,2014,14414,GCoMEC:v2
GCoMEC:ES BRN:2013.0,ES BRN,2013,21850,GCoMEC:v2
GCoMEC:ES BRY:2014.0,ES BRY,2014,11668,GCoMEC:v2
GCoMEC:ES BS3:2017.0,ES BS3,2017,30927,GCoMEC:v2
GCoMEC:ES BSG:2012.0,ES BSG,2012,11394,GCoMEC:v2
GCoMEC:ES BUL:2016.0,ES BUL,2016,40172,GCoMEC:v2
GCoMEC:ES BZA:2012.0,ES BZA,2012,52498,GCoMEC:v2
GCoMEC:ES CAB:2013.0,ES CAB,2013,98651,GCoMEC:v2
GCoMEC:ES CAF:2017.0,ES CAF,2017,14181,GCoMEC:v2
GCoMEC:ES CAQ:2010.0,ES CAQ,2010,4838,GCoMEC:v2
GCoMEC:ES CAR:2017.0,ES CAR,2017,683653,GCoMEC:v2
GCoMEC:ES CBI:2012.0,ES CBI,2012,27744,GCoMEC:v2
GCoMEC:ES CBM:2012.0,ES CBM,2012,25585,GCoMEC:v2
GCoMEC:ES CD2:2016.0,ES CD2,2016,8844,GCoMEC:v2
GCoMEC:ES CDD:2016.0,ES CDD,2016,55767,GCoMEC:v2
GCoMEC:ES CDF:2012.0,ES CDF,2012,197481,GCoMEC:v2
GCoMEC:ES CDS:2015.0,ES CDS,2015,9910,GCoMEC:v2
GCoMEC:ES CEA:2012.0,ES CEA,2012,83444,GCoMEC:v2
GCoMEC:ES CES:2012.0,ES CES,2012,17881,GCoMEC:v2
GCoMEC:ES CGT:2012.0,ES CGT,2012,44346,GCoMEC:v2
GCoMEC:ES CHF:2013.0,ES CHF,2013,247213,GCoMEC:v2
GCoMEC:ES CHP:2013.0,ES CHP,2013,57133,GCoMEC:v2
GCoMEC:ES CHU:2012.0,ES CHU,2012,17939,GCoMEC:v2
GCoMEC:ES CHV:2012.0,ES CHV,2012,9559,GCoMEC:v2
GCoMEC:ES CIJ:2012.0,ES CIJ,2012,8799,GCoMEC:v2
GCoMEC:ES CJ2:2013.0,ES CJ2,2013,5771,GCoMEC:v2
GCoMEC:ES CLI:2014.0,ES CLI,2014,54363,GCoMEC:v2
GCoMEC:ES CLL:2012.0,ES CLL,2012,56314,GCoMEC:v2
GCoMEC:ES CLV:2012.0,ES CLV,2012,34076,GCoMEC:v2
GCoMEC:ES CMC:2009.0,ES CMC,2009,193641,GCoMEC:v2
GCoMEC:ES CMS:2013.0,ES CMS,2013,42347,GCoMEC:v2
GCoMEC:ES CNJ:2012.0,ES CNJ,2012,4223,GCoMEC:v2
GCoMEC:ES CNL:2012.0,ES CNL,2012,26561,GCoMEC:v2
GCoMEC:ES CNS:2015.0,ES CNS,2015,26210,GCoMEC:v2
GCoMEC:ES COA:2015.0,ES COA,2015,24693,GCoMEC:v2
GCoMEC:ES COL:2013.0,ES COL,2013,18164,GCoMEC:v2
GCoMEC:ES CRD:2012.0,ES CRD,2012,210673,GCoMEC:v2
GCoMEC:ES CRM:2013.0,ES CRM,2013,66179,GCoMEC:v2
GCoMEC:ES CRS:2012.0,ES CRS,2012,81138,GCoMEC:v2
GCoMEC:ES CSG:2012.0,ES CSG,2012,4974,GCoMEC:v2
GCoMEC:ES CSR:2013.0,ES CSR,2013,17621,GCoMEC:v2
GCoMEC:ES CUB:2016.0,ES CUB,2016,48092,GCoMEC:v2
GCoMEC:ES CUV:2012.0,ES CUV,2012,11664,GCoMEC:v2
GCoMEC:ES CYQ:2013.0,ES CYQ,2013,76002,GCoMEC:v2
GCoMEC:ES CZA:2019.0,ES CZA,2019,63684,GCoMEC:v2
GCoMEC:ES CZE:2013.0,ES CZE,2013,11329,GCoMEC:v2
GCoMEC:ES DDP:2015.0,ES DDP,2015,12218,GCoMEC:v2
GCoMEC:ES DFT:2012.0,ES DFT,2012,11820,GCoMEC:v2
GCoMEC:ES DIS:2012.0,ES DIS,2012,13914,GCoMEC:v2
GCoMEC:ES DMJ:2015.0,ES DMJ,2015,21957,GCoMEC:v2
GCoMEC:ES DMV:2012.0,ES DMV,2012,61295,GCoMEC:v2
GCoMEC:ES DOL:2012.0,ES DOL,2012,6838,GCoMEC:v2
GCoMEC:ES DUC:2012.0,ES DUC,2012,21289,GCoMEC:v2
GCoMEC:ES DYN:2015.0,ES DYN,2015,3104,GCoMEC:v2
GCoMEC:ES EAH:2015.0,ES EAH,2015,83661,GCoMEC:v2
GCoMEC:ES ECS:2014.0,ES ECS,2014,7108,GCoMEC:v2
GCoMEC:ES EEJ:2012.0,ES EEJ,2012,410599,GCoMEC:v2
GCoMEC:ES ELL:2012.0,ES ELL,2012,36192,GCoMEC:v2
GCoMEC:ES EOG:2012.0,ES EOG,2012,135786,GCoMEC:v2
GCoMEC:ES EPB:2012.0,ES EPB,2012,314898,GCoMEC:v2
GCoMEC:ES ESM:2013.0,ES ESM,2013,458955,GCoMEC:v2
GCoMEC:ES ESU:2012.0,ES ESU,2012,2812,GCoMEC:v2
GCoMEC:ES F7M:2012.0,ES F7M,2012,6013,GCoMEC:v2
GCoMEC:ES FIN:2012.0,ES FIN,2012,10343,GCoMEC:v2
GCoMEC:ES FLX:2017.0,ES FLX,2017,74675,GCoMEC:v2
GCoMEC:ES FQV:2014.0,ES FQV,2014,68997,GCoMEC:v2
GCoMEC:ES FRL:2012.0,ES FRL,2012,3184,GCoMEC:v2
GCoMEC:ES FRT:2015.0,ES FRT,2015,10240,GCoMEC:v2
GCoMEC:ES FUA:2015.0,ES FUA,2015,3981,GCoMEC:v2
GCoMEC:ES GAO:2012.0,ES GAO,2012,32267,GCoMEC:v2
GCoMEC:ES GAX:2012.0,ES GAX,2012,3760,GCoMEC:v2
GCoMEC:ES GD7:2015.0,ES GD7,2015,3335,GCoMEC:v2
GCoMEC:ES GDA:2017.0,ES GDA,2017,25407,GCoMEC:v2
GCoMEC:ES GDL:2015.0,ES GDL,2015,20038,GCoMEC:v2
GCoMEC:ES GDS:2016.0,ES GDS,2016,35305,GCoMEC:v2
GCoMEC:ES GEZ:2012.0,ES GEZ,2012,215503,GCoMEC:v2
GCoMEC:ES GGG:2015.0,ES GGG,2015,12009,GCoMEC:v2
GCoMEC:ES GGL:2017.0,ES GGL,2017,18905,GCoMEC:v2
GCoMEC:ES GIB:2012.0,ES GIB,2012,21061,GCoMEC:v2
GCoMEC:ES GIJ:2011.0,ES GIJ,2011,453418,GCoMEC:v2
GCoMEC:ES GIR:2016.0,ES GIR,2016,18650,GCoMEC:v2
GCoMEC:ES GIS:2015.0,ES GIS,2015,1120,GCoMEC:v2
GCoMEC:ES GPZ:2015.0,ES GPZ,2015,41422,GCoMEC:v2
GCoMEC:ES GRB:2012.0,ES GRB,2012,16240,GCoMEC:v2
GCoMEC:ES GRL:2014.0,ES GRL,2014,11841,GCoMEC:v2
GCoMEC:ES GRN:2012.0,ES GRN,2012,9793,GCoMEC:v2
GCoMEC:ES GRX:2011.0,ES GRX,2011,802840,GCoMEC:v2
GCoMEC:ES GUX:2012.0,ES GUX,2012,73378,GCoMEC:v2
GCoMEC:ES HAD:2012.0,ES HAD,2012,72561,GCoMEC:v2
GCoMEC:ES HDL:2012.0,ES HDL,2012,579282,GCoMEC:v2
GCoMEC:ES HNJ:2012.0,ES HNJ,2012,9564,GCoMEC:v2
GCoMEC:ES HOA:2015.0,ES HOA,2015,2037255,GCoMEC:v2
GCoMEC:ES HUM:2012.0,ES HUM,2012,13468,GCoMEC:v2
GCoMEC:ES HUS:2012.0,ES HUS,2012,3710,GCoMEC:v2
GCoMEC:ES IBR:2012.0,ES IBR,2012,5703,GCoMEC:v2
GCoMEC:ES IGL:2012.0,ES IGL,2012,148960,GCoMEC:v2
GCoMEC:ES III:2017.0,ES III,2017,24611,GCoMEC:v2
GCoMEC:ES ILE:2012.0,ES ILE,2012,3883,GCoMEC:v2
GCoMEC:ES IRU:2015.0,ES IRU,2015,238140,GCoMEC:v2
GCoMEC:ES IV9:2012.0,ES IV9,2012,4413,GCoMEC:v2
GCoMEC:ES IZN:2012.0,ES IZN,2012,38879,GCoMEC:v2
GCoMEC:ES JBQ:2012.0,ES JBQ,2012,7275,GCoMEC:v2
GCoMEC:ES JDR:2012.0,ES JDR,2012,18128,GCoMEC:v2
GCoMEC:ES JJ2:2012.0,ES JJ2,2012,13220,GCoMEC:v2
GCoMEC:ES JJO:2016.0,ES JJO,2016,12362,GCoMEC:v2
GCoMEC:ES JLF:2013.0,ES JLF,2013,30505,GCoMEC:v2
GCoMEC:ES JRB:2014.0,ES JRB,2014,3222,GCoMEC:v2
GCoMEC:ES JUN:2012.0,ES JUN,2012,12156,GCoMEC:v2
GCoMEC:ES LCJ:2017.0,ES LCJ,2017,137098,GCoMEC:v2
GCoMEC:ES LEI:2012.0,ES LEI,2012,611560,GCoMEC:v2
GCoMEC:ES LEL:2012.0,ES LEL,2012,62271,GCoMEC:v2
GCoMEC:ES LEP:2013.0,ES LEP,2013,211247,GCoMEC:v2
GCoMEC:ES LG7:2012.0,ES LG7,2012,13912,GCoMEC:v2
GCoMEC:ES LGG:2012.0,ES LGG,2012,18502,GCoMEC:v2
GCoMEC:ES LGJ:2012.0,ES LGJ,2012,9563,GCoMEC:v2
GCoMEC:ES LGR:2014.0,ES LGR,2014,696928,GCoMEC:v2
GCoMEC:ES LIZ:2012.0,ES LIZ,2012,125731,GCoMEC:v2
GCoMEC:ES LJJ:2017.0,ES LJJ,2017,65264,GCoMEC:v2
GCoMEC:ES LLE:2014.0,ES LLE,2014,398480,GCoMEC:v2
GCoMEC:ES LLI:2013.0,ES LLI,2013,222946,GCoMEC:v2
GCoMEC:ES LMT:2015.0,ES LMT,2015,7707,GCoMEC:v2
GCoMEC:ES LOB:2013.0,ES LOB,2013,295496,GCoMEC:v2
GCoMEC:ES LOP:2012.0,ES LOP,2012,8039,GCoMEC:v2
GCoMEC:ES LPZ:2013.0,ES LPZ,2013,31210,GCoMEC:v2
GCoMEC:ES LQA:2017.0,ES LQA,2017,593388,GCoMEC:v2
GCoMEC:ES LQL:2013.0,ES LQL,2013,49794,GCoMEC:v2
GCoMEC:ES LQR:2012.0,ES LQR,2012,33437,GCoMEC:v2
GCoMEC:ES LRA:2012.0,ES LRA,2012,41706,GCoMEC:v2
GCoMEC:ES LRM:2015.0,ES LRM,2015,4425,GCoMEC:v2
GCoMEC:ES LRQ:2017.0,ES LRQ,2017,19324,GCoMEC:v2
GCoMEC:ES LUL:2012.0,ES LUL,2012,24778,GCoMEC:v2
GCoMEC:ES LXC:2013.0,ES LXC,2013,73109,GCoMEC:v2
GCoMEC:ES LXR:2016.0,ES LXR,2016,170715,GCoMEC:v2
GCoMEC:ES MAD:2012.0,ES MAD,2012,9420388,GCoMEC:v2
GCoMEC:ES MAN:2017.0,ES MAN,2017,247689,GCoMEC:v2
GCoMEC:ES MD3:2014.0,ES MD3,2014,8430,GCoMEC:v2
GCoMEC:ES MDE:2016.0,ES MDE,2016,37034,GCoMEC:v2
GCoMEC:ES MDY:2015.0,ES MDY,2015,17737,GCoMEC:v2
GCoMEC:ES MEA:2012.0,ES MEA,2012,255709,GCoMEC:v2
GCoMEC:ES MFK:2012.0,ES MFK,2012,30166,GCoMEC:v2
GCoMEC:ES MFS:2012.0,ES MFS,2012,82078,GCoMEC:v2
GCoMEC:ES MFT:2015.0,ES MFT,2015,15109,GCoMEC:v2
GCoMEC:ES MJC:2013.0,ES MJC,2013,209414,GCoMEC:v2
GCoMEC:ES MJK:2012.0,ES MJK,2012,2328,GCoMEC:v2
GCoMEC:ES MJV:2015.0,ES MJV,2015,1616694,GCoMEC:v2
GCoMEC:ES MKZ:2015.0,ES MKZ,2015,27794,GCoMEC:v2
GCoMEC:ES MLR:2005.0,ES MLR,2005,78335,GCoMEC:v2
GCoMEC:ES MLV:2012.0,ES MLV,2012,151002,GCoMEC:v2
GCoMEC:ES MMA:2014.0,ES MMA,2014,53929,GCoMEC:v2
GCoMEC:ES MNL:2016.0,ES MNL,2016,66410,GCoMEC:v2
GCoMEC:ES MNR:2012.0,ES MNR,2012,265054,GCoMEC:v2
GCoMEC:ES MOJ:2012.0,ES MOJ,2012,36542,GCoMEC:v2
GCoMEC:ES MOT:2012.0,ES MOT,2012,266275,GCoMEC:v2
GCoMEC:ES MOU:2017.0,ES MOU,2017,48364,GCoMEC:v2
GCoMEC:ES MQE:2013.0,ES MQE,2013,461738,GCoMEC:v2
GCoMEC:ES MQF:2013.0,ES MQF,2013,35242,GCoMEC:v2
GCoMEC:ES MRG:2016.0,ES MRG,2016,30164,GCoMEC:v2
GCoMEC:ES MRL:2018.0,ES MRL,2018,8233,GCoMEC:v2
GCoMEC:ES MRN:2012.0,ES MRN,2012,53211,GCoMEC:v2
GCoMEC:ES MRO:2014.0,ES MRO,2014,16214,GCoMEC:v2
GCoMEC:ES MRR:2017.0,ES MRR,2017,125022,GCoMEC:v2
GCoMEC:ES MSA:2013.0,ES MSA,2013,48738,GCoMEC:v2
GCoMEC:ES MSQ:2014.0,ES MSQ,2014,28904,GCoMEC:v2
GCoMEC:ES MTG:2012.0,ES MTG,2012,32103,GCoMEC:v2
GCoMEC:ES MTM:2014.0,ES MTM,2014,29188,GCoMEC:v2
GCoMEC:ES MTO:2012.0,ES MTO,2012,338569,GCoMEC:v2
GCoMEC:ES MTQ:2012.0,ES MTQ,2012,3751,GCoMEC:v2
GCoMEC:ES MUO:2015.0,ES MUO,2015,17615,GCoMEC:v2
GCoMEC:ES MVA:2016.0,ES MVA,2016,19490,GCoMEC:v2
GCoMEC:ES MVT:2013.0,ES MVT,2013,89117,GCoMEC:v2
GCoMEC:ES MWR:2012.0,ES MWR,2012,28978,GCoMEC:v2
GCoMEC:ES MXJ:2013.0,ES MXJ,2013,21243,GCoMEC:v2
GCoMEC:ES MZG:2013.0,ES MZG,2013,63833,GCoMEC:v2
GCoMEC:ES NAM:2012.0,ES NAM,2012,2189,GCoMEC:v2
GCoMEC:ES NCY:2013.0,ES NCY,2013,18126,GCoMEC:v2
GCoMEC:ES NET:2007.0,ES NET,2007,50517,GCoMEC:v2
GCoMEC:ES NIJ:2012.0,ES NIJ,2012,115401,GCoMEC:v2
GCoMEC:ES NIT:2012.0,ES NIT,2012,24367,GCoMEC:v2
GCoMEC:ES NSA:2012.0,ES NSA,2012,24833,GCoMEC:v2
GCoMEC:ES NSJ:2012.0,ES NSJ,2012,11093,GCoMEC:v2
GCoMEC:ES OBA:2015.0,ES OBA,2015,5454,GCoMEC:v2
GCoMEC:ES OBL:2017.0,ES OBL,2017,47794,GCoMEC:v2
GCoMEC:ES ODB:2013.0,ES ODB,2013,999324,GCoMEC:v2
GCoMEC:ES ODE:2012.0,ES ODE,2012,14130,GCoMEC:v2
GCoMEC:ES OIS:2012.0,ES OIS,2012,1045,GCoMEC:v2
GCoMEC:ES OLD:2012.0,ES OLD,2012,17358,GCoMEC:v2
GCoMEC:ES OLO:2016.0,ES OLO,2016,4817,GCoMEC:v2
GCoMEC:ES OLX:2012.0,ES OLX,2012,72845,GCoMEC:v2
GCoMEC:ES ONL:2015.0,ES ONL,2015,13252,GCoMEC:v2
GCoMEC:ES OOO:2017.0,ES OOO,2017,13211,GCoMEC:v2
GCoMEC:ES ORA:2012.0,ES ORA,2012,49137,GCoMEC:v2
GCoMEC:ES ORB:2014.0,ES ORB,2014,4346,GCoMEC:v2
GCoMEC:ES OST:2016.0,ES OST,2016,33652,GCoMEC:v2
GCoMEC:ES OTU:2012.0,ES OTU,2012,21550,GCoMEC:v2
GCoMEC:ES PAP:2016.0,ES PAP,2016,15829,GCoMEC:v2
GCoMEC:ES PAZ:2016.0,ES PAZ,2016,65922,GCoMEC:v2
GCoMEC:ES PBR:2012.0,ES PBR,2012,12100,GCoMEC:v2
GCoMEC:ES PDC:2012.0,ES PDC,2012,8755,GCoMEC:v2
GCoMEC:ES PDD:2012.0,ES PDD,2012,34331,GCoMEC:v2
GCoMEC:ES PFD:2012.0,ES PFD,2012,24398,GCoMEC:v2
GCoMEC:ES PFT:2013.0,ES PFT,2013,71643,GCoMEC:v2
GCoMEC:ES PG4:2017.0,ES PG4,2017,6527,GCoMEC:v2
GCoMEC:ES PGZ:2012.0,ES PGZ,2012,43595,GCoMEC:v2
GCoMEC:ES PIA:2015.0,ES PIA,2015,24804,GCoMEC:v2
GCoMEC:ES PIR:2012.0,ES PIR,2012,58144,GCoMEC:v2
GCoMEC:ES PLH:2015.0,ES PLH,2015,19165,GCoMEC:v2
GCoMEC:ES PLN:2015.0,ES PLN,2015,1270,GCoMEC:v2
GCoMEC:ES POL:2013.0,ES POL,2013,43351,GCoMEC:v2
GCoMEC:ES POR:2015.0,ES POR,2015,109198,GCoMEC:v2
GCoMEC:ES PPE:2014.0,ES PPE,2014,4264,GCoMEC:v2
GCoMEC:ES PR3:2015.0,ES PR3,2015,1701,GCoMEC:v2
GCoMEC:ES PRC:2012.0,ES PRC,2012,14629,GCoMEC:v2
GCoMEC:ES PTE:2016.0,ES PTE,2016,53219,GCoMEC:v2
GCoMEC:ES PTG:2012.0,ES PTG,2012,5780,GCoMEC:v2
GCoMEC:ES PUJ:2014.0,ES PUJ,2014,1369,GCoMEC:v2
GCoMEC:ES PUL:2012.0,ES PUL,2012,7316,GCoMEC:v2
GCoMEC:ES PUR:2012.0,ES PUR,2012,12159,GCoMEC:v2
GCoMEC:ES PUS:2013.0,ES PUS,2013,111254,GCoMEC:v2
GCoMEC:ES PUU:2012.0,ES PUU,2012,27956,GCoMEC:v2
GCoMEC:ES PXA:2009.0,ES PXA,2009,180768,GCoMEC:v2
GCoMEC:ES PZN:2012.0,ES PZN,2012,7968,GCoMEC:v2
GCoMEC:ES PZX:2012.0,ES PZX,2012,37653,GCoMEC:v2
GCoMEC:ES QSD:2012.0,ES QSD,2012,13915,GCoMEC:v2
GCoMEC:ES RDC:2010.0,ES RDC,2010,5419,GCoMEC:v2
GCoMEC:ES REF:2015.0,ES REF,2015,13374,GCoMEC:v2
GCoMEC:ES RIJ:2012.0,ES RIJ,2012,5109,GCoMEC:v2
GCoMEC:ES RIU:2012.0,ES RIU,2012,224222,GCoMEC:v2
GCoMEC:ES RNA:2013.0,ES RNA,2013,101178,GCoMEC:v2
GCoMEC:ES ROT:2013.0,ES ROT,2013,110496,GCoMEC:v2
GCoMEC:ES RQM:2012.0,ES RQM,2012,271517,GCoMEC:v2
GCoMEC:ES RSE:2013.0,ES RSE,2013,14193,GCoMEC:v2
GCoMEC:ES RSJ:2012.0,ES RSJ,2012,2867,GCoMEC:v2
GCoMEC:ES SAX:2015.0,ES SAX,2015,16411,GCoMEC:v2
GCoMEC:ES SBA:2013.0,ES SBA,2013,204338,GCoMEC:v2
GCoMEC:ES SBN:2014.0,ES SBN,2014,1910,GCoMEC:v2
GCoMEC:ES SBS:2012.0,ES SBS,2012,15870,GCoMEC:v2
GCoMEC:ES SCQ:2019.0,ES SCQ,2019,311573,GCoMEC:v2
GCoMEC:ES SCT:2018.0,ES SCT,2018,232931,GCoMEC:v2
GCoMEC:ES SDD:2012.0,ES SDD,2012,83678,GCoMEC:v2
GCoMEC:ES SDN:2012.0,ES SDN,2012,2501,GCoMEC:v2
GCoMEC:ES SDR:2015.0,ES SDR,2015,758777,GCoMEC:v2
GCoMEC:ES SES:2012.0,ES SES,2012,49606,GCoMEC:v2
GCoMEC:ES SFA:2014.0,ES SFA,2014,5144,GCoMEC:v2
GCoMEC:ES SFL:2014.0,ES SFL,2014,109324,GCoMEC:v2
GCoMEC:ES SFO:2013.0,ES SFO,2013,234216,GCoMEC:v2
GCoMEC:ES SJI:2014.0,ES SJI,2014,20966,GCoMEC:v2
GCoMEC:ES SJO:2012.0,ES SJO,2012,109250,GCoMEC:v2
GCoMEC:ES SJP:2013.0,ES SJP,2013,124282,GCoMEC:v2
GCoMEC:ES SJV:2014.0,ES SJV,2014,12593,GCoMEC:v2
GCoMEC:ES SLE:2014.0,ES SLE,2014,26417,GCoMEC:v2
GCoMEC:ES SLH:2014.0,ES SLH,2014,8726,GCoMEC:v2
GCoMEC:ES SLS:2015.0,ES SLS,2015,4590,GCoMEC:v2
GCoMEC:ES SM5:2017.0,ES SM5,2017,59809,GCoMEC:v2
GCoMEC:ES SMJ:2016.0,ES SMJ,2016,27109,GCoMEC:v2
GCoMEC:ES SPE:2012.0,ES SPE,2012,86139,GCoMEC:v2
GCoMEC:ES SPM:2016.0,ES SPM,2016,96304,GCoMEC:v2
GCoMEC:ES SPO:2016.0,ES SPO,2016,63730,GCoMEC:v2
GCoMEC:ES SPV:2012.0,ES SPV,2012,16175,GCoMEC:v2
GCoMEC:ES SQS:2016.0,ES SQS,2016,3082,GCoMEC:v2
GCoMEC:ES SRQ:2013.0,ES SRQ,2013,122078,GCoMEC:v2
GCoMEC:ES SSA:2014.0,ES SSA,2014,44227,GCoMEC:v2
GCoMEC:ES ST9:2014.0,ES ST9,2014,11031,GCoMEC:v2
GCoMEC:ES SVM:2012.0,ES SVM,2012,22335,GCoMEC:v2
GCoMEC:ES SVT:2012.0,ES SVT,2012,7600,GCoMEC:v2
GCoMEC:ES SYG:2013.0,ES SYG,2013,18376,GCoMEC:v2
GCoMEC:ES SYL:2013.0,ES SYL,2013,5223,GCoMEC:v2
GCoMEC:ES TAS:2012.0,ES TAS,2012,17481,GCoMEC:v2
GCoMEC:ES TDS:2012.0,ES TDS,2012,7041,GCoMEC:v2
GCoMEC:ES TEJ:2016.0,ES TEJ,2016,24568,GCoMEC:v2
GCoMEC:ES TG2:2010.0,ES TG2,2010,9665,GCoMEC:v2
GCoMEC:ES TIO:2012.0,ES TIO,2012,52101,GCoMEC:v2
GCoMEC:ES TOA:2015.0,ES TOA,2015,66387,GCoMEC:v2
GCoMEC:ES TON:2016.0,ES TON,2016,32350,GCoMEC:v2
GCoMEC:ES TPP:2013.0,ES TPP,2013,19132,GCoMEC:v2
GCoMEC:ES TQE:2016.0,ES TQE,2016,665857,GCoMEC:v2
GCoMEC:ES TRE:2013.0,ES TRE,2013,23093,GCoMEC:v2
GCoMEC:ES TRF:2013.0,ES TRF,2013,71616,GCoMEC:v2
GCoMEC:ES TRR:2010.0,ES TRR,2010,66489,GCoMEC:v2
GCoMEC:ES TRV:2017.0,ES TRV,2017,5430,GCoMEC:v2
GCoMEC:ES TUN:2013.0,ES TUN,2013,5738,GCoMEC:v2
GCoMEC:ES UBQ:2013.0,ES UBQ,2013,45238,GCoMEC:v2
GCoMEC:ES ULL:2007.0,ES ULL,2007,6308,GCoMEC:v2
GCoMEC:ES VAE:2017.0,ES VAE,2017,11332,GCoMEC:v2
GCoMEC:ES VAZ:2012.0,ES VAZ,2012,23143,GCoMEC:v2
GCoMEC:ES VBV:2012.0,ES VBV,2012,2752,GCoMEC:v2
GCoMEC:ES VCD:2014.0,ES VCD,2014,27059,GCoMEC:v2
GCoMEC:ES VCH:2012.0,ES VCH,2012,16016,GCoMEC:v2
GCoMEC:ES VCN:2012.0,ES VCN,2012,178889,GCoMEC:v2
GCoMEC:ES VCO:2012.0,ES VCO,2012,26683,GCoMEC:v2
GCoMEC:ES VDA:2018.0,ES VDA,2018,6668,GCoMEC:v2
GCoMEC:ES VDF:2018.0,ES VDF,2018,2892,GCoMEC:v2
GCoMEC:ES VDP:2017.0,ES VDP,2017,3823,GCoMEC:v2
GCoMEC:ES VEB:2012.0,ES VEB,2012,8708,GCoMEC:v2
GCoMEC:ES VEC:2013.0,ES VEC,2013,32770,GCoMEC:v2
GCoMEC:ES VEL:2012.0,ES VEL,2012,30541,GCoMEC:v2
GCoMEC:ES VEV:2017.0,ES VEV,2017,20180,GCoMEC:v2
GCoMEC:ES VIA:2012.0,ES VIA,2012,29216,GCoMEC:v2
GCoMEC:ES VIC:2016.0,ES VIC,2016,181624,GCoMEC:v2
GCoMEC:ES VIO:2013.0,ES VIO,2013,10968,GCoMEC:v2
GCoMEC:ES VIQ:2012.0,ES VIQ,2012,96819,GCoMEC:v2
GCoMEC:ES VIT:2017.0,ES VIT,2017,637858,GCoMEC:v2
GCoMEC:ES VJF:2013.0,ES VJF,2013,42196,GCoMEC:v2
GCoMEC:ES VLC:2012.0,ES VLC,2012,2891085,GCoMEC:v2
GCoMEC:ES VLL:2018.0,ES VLL,2018,1424367,GCoMEC:v2
GCoMEC:ES VNA:2015.0,ES VNA,2015,163522,GCoMEC:v2
GCoMEC:ES VNZ:2014.0,ES VNZ,2014,8564,GCoMEC:v2
GCoMEC:ES VRD:2012.0,ES VRD,2012,30670,GCoMEC:v2
GCoMEC:ES VRI:2012.0,ES VRI,2012,26693,GCoMEC:v2
GCoMEC:ES VRR:2017.0,ES VRR,2017,51584,GCoMEC:v2
GCoMEC:ES VTC:2013.0,ES VTC,2013,22343,GCoMEC:v2
GCoMEC:ES VTL:2012.0,ES VTL,2012,12148,GCoMEC:v2
GCoMEC:ES VVS:2015.0,ES VVS,2015,133233,GCoMEC:v2
GCoMEC:ES ZAC:2013.0,ES ZAC,2013,12891,GCoMEC:v2
GCoMEC:ES ZAI:2013.0,ES ZAI,2013,135903,GCoMEC:v2
GCoMEC:ES ZAQ:2015.0,ES ZAQ,2015,26820,GCoMEC:v2
GCoMEC:ES ZAX:2013.0,ES ZAX,2013,8375,GCoMEC:v2
GCoMEC:ES ZBC:2014.0,ES ZBC,2014,77558,GCoMEC:v2
GCoMEC:ES ZBJ:2012.0,ES ZBJ,2012,10812,GCoMEC:v2
GCoMEC:ES ZBU:2012.0,ES ZBU,2012,61723,GCoMEC:v2
GCoMEC:ES ZBY:2012.0,ES ZBY,2012,83678,GCoMEC:v2
GCoMEC:ES ZCN:2013.0,ES ZCN,2013,4896,GCoMEC:v2
GCoMEC:ES ZEA:2013.0,ES ZEA,2013,55438,GCoMEC:v2
GCoMEC:ES ZEB:2012.0,ES ZEB,2012,30320,GCoMEC:v2
GCoMEC:ES ZEG:2013.0,ES ZEG,2013,10434,GCoMEC:v2
GCoMEC:ES ZEL:2013.0,ES ZEL,2013,150934,GCoMEC:v2
GCoMEC:ES ZEP:2014.0,ES ZEP,2014,7247,GCoMEC:v2
GCoMEC:ES ZFC:2012.0,ES ZFC,2012,13448,GCoMEC:v2
GCoMEC:ES ZGA:2013.0,ES ZGA,2013,161189,GCoMEC:v2
GCoMEC:ES ZGC:2012.0,ES ZGC,2012,5282,GCoMEC:v2
GCoMEC:ES ZGR:2012.0,ES ZGR,2012,4371,GCoMEC:v2
GCoMEC:ES ZGV:2012.0,ES ZGV,2012,45600,GCoMEC:v2
GCoMEC:ES ZGW:2014.0,ES ZGW,2014,7196,GCoMEC:v2
GCoMEC:ES ZIS:2012.0,ES ZIS,2012,59975,GCoMEC:v2
GCoMEC:ES ZJM:2012.0,ES ZJM,2012,82585,GCoMEC:v2
GCoMEC:ES ZJY:2013.0,ES ZJY,2013,111373,GCoMEC:v2
GCoMEC:ES ZKD:2012.0,ES ZKD,2012,40656,GCoMEC:v2
GCoMEC:ES ZKT:2013.0,ES ZKT,2013,37410,GCoMEC:v2
GCoMEC:ES ZLN:2014.0,ES ZLN,2014,30805,GCoMEC:v2
GCoMEC:ES ZLS:2016.0,ES ZLS,2016,32438,GCoMEC:v2
GCoMEC:ES ZLU:2012.0,ES ZLU,2012,4021,GCoMEC:v2
GCoMEC:ES ZMC:2012.0,ES ZMC,2012,15284,GCoMEC:v2
GCoMEC:ES ZNB:2012.0,ES ZNB,2012,70042,GCoMEC:v2
GCoMEC:ES ZND:2012.0,ES ZND,2012,11234,GCoMEC:v2
GCoMEC:ES ZNS:2013.0,ES ZNS,2013,6774,GCoMEC:v2
GCoMEC:ES ZNT:2013.0,ES ZNT,2013,65666,GCoMEC:v2
GCoMEC:ES ZUV:2012.0,ES ZUV,2012,57950,GCoMEC:v2
GCoMEC:ES ZYY:2012.0,ES ZYY,2012,12609,GCoMEC:v2
GCoMEC:FI ES2:2016.0,FI ES2,2016,1367949,GCoMEC:v2
GCoMEC:FI JOE:2017.0,FI JOE,2017,288741,GCoMEC:v2
GCoMEC:FI JYV:2019.0,FI JYV,2019,532641,GCoMEC:v2
GCoMEC:FR AES:2014.0,FR AES,2014,65112,GCoMEC:v2
GCoMEC:FR AMI:2016.0,FR AMI,2016,552590,GCoMEC:v2
GCoMEC:FR BSN:2008.0,FR BSN,2008,533678,GCoMEC:v2
GCoMEC:FR CFE:2008.0,FR CFE,2008,813449,GCoMEC:v2
GCoMEC:FR CMR:2013.0,FR CMR,2013,254908,GCoMEC:v2
GCoMEC:FR DIJ:2016.0,FR DIJ,2016,945655,GCoMEC:v2
GCoMEC:FR ECH:2012.0,FR ECH,2012,161425,GCoMEC:v2
GCoMEC:FR GNB:2014.0,FR GNB,2014,501901,GCoMEC:v2
GCoMEC:FR IKG:2009.0,FR IKG,2009,118661,GCoMEC:v2
GCoMEC:FR LIO:2013.0,FR LIO,2013,21835,GCoMEC:v2
GCoMEC:FR MZM:2014.0,FR MZM,2014,373730,GCoMEC:v2
GCoMEC:FR NTE:2012.0,FR NTE,2012,2188305,GCoMEC:v2
GCoMEC:FR PAR:2014.0,FR PAR,2014,7164683,GCoMEC:v2
GCoMEC:FR SXB:2007.0,FR SXB,2007,2656719,GCoMEC:v2
GCoMEC:GB ABD:2012.0,GB ABD,2012,1481424,GCoMEC:v2
GCoMEC:GB BRS:2013.0,GB BRS,2013,1962510,GCoMEC:v2
GCoMEC:GB CDF:2015.0,GB CDF,2015,1756000,GCoMEC:v2
GCoMEC:GB GAT:2008.0,GB GAT,2008,1532719,GCoMEC:v2
GCoMEC:GB GLW:2012.0,GB GLW,2012,3428893,GCoMEC:v2
GCoMEC:GB MIK:2014.0,GB MIK,2014,1362181,GCoMEC:v2
GCoMEC:GB OXF:2012.0,GB OXF,2012,893956,GCoMEC:v2
GCoMEC:GB POO:2012.0,GB POO,2012,839258,GCoMEC:v2
GCoMEC:GB SUN:2007.0,GB SUN,2007,1864300,GCoMEC:v2
GCoMEC:GE TBS:2014.0,GE TBS,2014,3371097,GCoMEC:v2
GCoMEC:GR ANS:2014.0,GR ANS,2014,414652,GCoMEC:v2
GCoMEC:GR AXD:2013.0,GR AXD,2013,394575,GCoMEC:v2
GCoMEC:GR DRM:2016.0,GR DRM,2016,236714,GCoMEC:v2
GCoMEC:GR EDE:2016.0,GR EDE,2016,47375,GCoMEC:v2
GCoMEC:GR GAI:2017.0,GR GAI,2017,78507,GCoMEC:v2
GCoMEC:GR GFD:2015.0,GR GFD,2015,489926,GCoMEC:v2
GCoMEC:GR ILO:2015.0,GR ILO,2015,355418,GCoMEC:v2
GCoMEC:GR KVA:2015.0,GR KVA,2015,327371,GCoMEC:v2
GCoMEC:GR KZI:2018.0,GR KZI,2018,371013,GCoMEC:v2
GCoMEC:GR THR:2016.0,GR THR,2016,240925,GCoMEC:v2
GCoMEC:HR BUZ:2017.0,HR BUZ,2017,17548,GCoMEC:v2
GCoMEC:HR CAK:2017.0,HR CAK,2017,184999,GCoMEC:v2
GCoMEC:HR HPG:2019.0,HR HPG,2019,24124,GCoMEC:v2
GCoMEC:HR JBO:2016.0,HR JBO,2016,40404,GCoMEC:v2
GCoMEC:HR KAR:2014.0,HR KAR,2014,179573,GCoMEC:v2
GCoMEC:HR KOV:2014.0,HR KOV,2014,95143,GCoMEC:v2
GCoMEC:HR KRK:2015.0,HR KRK,2015,22817,GCoMEC:v2
GCoMEC:HR PAZ:2017.0,HR PAZ,2017,41347,GCoMEC:v2
GCoMEC:HR RJK:2014.0,HR RJK,2014,340042,GCoMEC:v2
GCoMEC:HR ROV:2017.0,HR ROV,2017,50003,GCoMEC:v2
GCoMEC:HR VGO:2017.0,HR VGO,2017,78447,GCoMEC:v2
GCoMEC:HR ZAD:2017.0,HR ZAD,2017,257722,GCoMEC:v2
GCoMEC:HR ZAG:2015.0,HR ZAG,2015,2929734,GCoMEC:v2
GCoMEC:HU BUA:2018.0,HU BUA,2018,170666,GCoMEC:v2
GCoMEC:HU BUD:2013.0,HU BUD,2013,8684987,GCoMEC:v2
GCoMEC:HU HSZ:2009.0,HU HSZ,2009,125380,GCoMEC:v2
GCoMEC:HU MCQ:2014.0,HU MCQ,2014,461187,GCoMEC:v2
GCoMEC:HU MFE:2010.0,HU MFE,2010,47700,GCoMEC:v2
GCoMEC:HU SZK:2016.0,HU SZK,2016,86411,GCoMEC:v2
GCoMEC:HU TZS:2015.0,HU TZS,2015,43008,GCoMEC:v2
GCoMEC:IE DUB:2016.0,IE DUB,2016,2855523,GCoMEC:v2
GCoMEC:IE TPY:2014.0,IE TPY,2014,980700,GCoMEC:v2
GCoMEC:IS REY:2013.0,IS REY,2013,354196,GCoMEC:v2
GCoMEC:IT 2C8:2015.0,IT 2C8,2015,9831,GCoMEC:v2
GCoMEC:IT 2TT:2017.0,IT 2TT,2017,761230,GCoMEC:v2
GCoMEC:IT 8CR:2010.0,IT 8CR,2010,5740,GCoMEC:v2
GCoMEC:IT 9GG:2018.0,IT 9GG,2018,95263,GCoMEC:v2
GCoMEC:IT 9RT:2016.0,IT 9RT,2016,12354,GCoMEC:v2
GCoMEC:IT AAC:2008.0,IT AAC,2008,69755,GCoMEC:v2
GCoMEC:IT AAO:2009.0,IT AAO,2009,5645,GCoMEC:v2
GCoMEC:IT ABD:2016.0,IT ABD,2016,37026,GCoMEC:v2
GCoMEC:IT ABI:2010.0,IT ABI,2010,10247,GCoMEC:v2
GCoMEC:IT ABL:2015.0,IT ABL,2015,144236,GCoMEC:v2
GCoMEC:IT ABN:2015.0,IT ABN,2015,81011,GCoMEC:v2
GCoMEC:IT ACC:2016.0,IT ACC,2016,97187,GCoMEC:v2
GCoMEC:IT ACZ:2011.0,IT ACZ,2011,10050,GCoMEC:v2
GCoMEC:IT ADO:2014.0,IT ADO,2014,17873,GCoMEC:v2
GCoMEC:IT AEE:2015.0,IT AEE,2015,1009146,GCoMEC:v2
GCoMEC:IT AEV:2010.0,IT AEV,2010,16590,GCoMEC:v2
GCoMEC:IT AEZ:2010.0,IT AEZ,2010,7536,GCoMEC:v2
GCoMEC:IT AFS:2015.0,IT AFS,2015,89506,GCoMEC:v2
GCoMEC:IT AGB:2015.0,IT AGB,2015,54994,GCoMEC:v2
GCoMEC:IT AGE:2010.0,IT AGE,2010,30314,GCoMEC:v2
GCoMEC:IT AGM:2017.0,IT AGM,2017,4832,GCoMEC:v2
GCoMEC:IT AGS:2008.0,IT AGS,2008,19315,GCoMEC:v2
GCoMEC:IT AGZ:2015.0,IT AGZ,2015,9257,GCoMEC:v2
GCoMEC:IT AKA:2016.0,IT AKA,2016,35735,GCoMEC:v2
GCoMEC:IT ALE:2015.0,IT ALE,2015,399596,GCoMEC:v2
GCoMEC:IT ALR:2017.0,IT ALR,2017,10960,GCoMEC:v2
GCoMEC:IT AMB:2010.0,IT AMB,2010,10539,GCoMEC:v2
GCoMEC:IT AML:2010.0,IT AML,2010,10199,GCoMEC:v2
GCoMEC:IT ANE:2012.0,IT ANE,2012,8226,GCoMEC:v2
GCoMEC:IT ANN:2010.0,IT ANN,2010,13573,GCoMEC:v2
GCoMEC:IT AOI:2016.0,IT AOI,2016,472937,GCoMEC:v2
GCoMEC:IT AON:2017.0,IT AON,2017,56859,GCoMEC:v2
GCoMEC:IT APG:2013.0,IT APG,2013,146689,GCoMEC:v2
GCoMEC:IT ARC:2015.0,IT ARC,2015,85533,GCoMEC:v2
GCoMEC:IT ARI:2015.0,IT ARI,2015,79340,GCoMEC:v2
GCoMEC:IT ARN:2012.0,IT ARN,2012,22037,GCoMEC:v2
GCoMEC:IT ARV:2016.0,IT ARV,2016,11996,GCoMEC:v2
GCoMEC:IT ASG:2018.0,IT ASG,2018,16545,GCoMEC:v2
GCoMEC:IT ASI:2016.0,IT ASI,2016,78998,GCoMEC:v2
GCoMEC:IT ASP:2016.0,IT ASP,2016,201188,GCoMEC:v2
GCoMEC:IT ASR:2014.0,IT ASR,2014,56555,GCoMEC:v2
GCoMEC:IT ATR:2010.0,IT ATR,2010,137562,GCoMEC:v2
GCoMEC:IT AV7:2017.0,IT AV7,2017,19847,GCoMEC:v2
GCoMEC:IT AVI:2016.0,IT AVI,2016,49546,GCoMEC:v2
GCoMEC:IT AZG:2016.0,IT AZG,2016,10299,GCoMEC:v2
GCoMEC:IT AZP:2016.0,IT AZP,2016,30293,GCoMEC:v2
GCoMEC:IT BA4:2015.0,IT BA4,2015,4267,GCoMEC:v2
GCoMEC:IT BAO:2015.0,IT BAO,2015,13071,GCoMEC:v2
GCoMEC:IT BBV:2013.0,IT BBV,2013,20151,GCoMEC:v2
GCoMEC:IT BD5:2017.0,IT BD5,2017,102786,GCoMEC:v2
GCoMEC:IT BDD:2015.0,IT BDD,2015,15200,GCoMEC:v2
GCoMEC:IT BDM:2015.0,IT BDM,2015,14008,GCoMEC:v2
GCoMEC:IT BEB:2016.0,IT BEB,2016,4835,GCoMEC:v2
GCoMEC:IT BEG:2011.0,IT BEG,2011,45241,GCoMEC:v2
GCoMEC:IT BER:2012.0,IT BER,2012,7833,GCoMEC:v2
GCoMEC:IT BGO:2014.0,IT BGO,2014,599094,GCoMEC:v2
GCoMEC:IT BGV:2015.0,IT BGV,2015,93137,GCoMEC:v2
GCoMEC:IT BGZ:2017.0,IT BGZ,2017,42793,GCoMEC:v2
GCoMEC:IT BIC:2011.0,IT BIC,2011,72302,GCoMEC:v2
GCoMEC:IT BIL:2014.0,IT BIL,2014,88313,GCoMEC:v2
GCoMEC:IT BIM:2017.0,IT BIM,2017,101798,GCoMEC:v2
GCoMEC:IT BL7:2013.0,IT BL7,2013,15818,GCoMEC:v2
GCoMEC:IT BLO:2015.0,IT BLO,2015,21511,GCoMEC:v2
GCoMEC:IT BLQ:2018.0,IT BLQ,2018,1818507,GCoMEC:v2
GCoMEC:IT BLR:2015.0,IT BLR,2015,16026,GCoMEC:v2
GCoMEC:IT BMI:2008.0,IT BMI,2008,33825,GCoMEC:v2
GCoMEC:IT BMS:2016.0,IT BMS,2016,59465,GCoMEC:v2
GCoMEC:IT BNB:2012.0,IT BNB,2012,47663,GCoMEC:v2
GCoMEC:IT BOE:2010.0,IT BOE,2010,46912,GCoMEC:v2
GCoMEC:IT BON:2013.0,IT BON,2013,109150,GCoMEC:v2
GCoMEC:IT BOT:2012.0,IT BOT,2012,16112,GCoMEC:v2
GCoMEC:IT BPT:2015.0,IT BPT,2015,13522,GCoMEC:v2
GCoMEC:IT BRA:2016.0,IT BRA,2016,90083,GCoMEC:v2
GCoMEC:IT BRR:2015.0,IT BRR,2015,69699,GCoMEC:v2
GCoMEC:IT BST:2011.0,IT BST,2011,88038,GCoMEC:v2
GCoMEC:IT BSZ:2010.0,IT BSZ,2010,28281,GCoMEC:v2
GCoMEC:IT BTI:2015.0,IT BTI,2015,24346,GCoMEC:v2
GCoMEC:IT BTT:2015.0,IT BTT,2015,13127,GCoMEC:v2
GCoMEC:IT BUD:2017.0,IT BUD,2017,102786,GCoMEC:v2
GCoMEC:IT BUE:2013.0,IT BUE,2013,22651,GCoMEC:v2
GCoMEC:IT BUG:2010.0,IT BUG,2010,53681,GCoMEC:v2
GCoMEC:IT BUN:2011.0,IT BUN,2011,31149,GCoMEC:v2
GCoMEC:IT BVN:2016.0,IT BVN,2016,22237,GCoMEC:v2
GCoMEC:IT BZO:2017.0,IT BZO,2017,489680,GCoMEC:v2
GCoMEC:IT CAE:2015.0,IT CAE,2015,48713,GCoMEC:v2
GCoMEC:IT CAL:2017.0,IT CAL,2017,197117,GCoMEC:v2
GCoMEC:IT CAR:2014.0,IT CAR,2014,14618,GCoMEC:v2
GCoMEC:IT CBE:2012.0,IT CBE,2012,61112,GCoMEC:v2
GCoMEC:IT CC5:2010.0,IT CC5,2010,4685,GCoMEC:v2
GCoMEC:IT CCD:2018.0,IT CCD,2018,17511,GCoMEC:v2
GCoMEC:IT CCH:2016.0,IT CCH,2016,85138,GCoMEC:v2
GCoMEC:IT CCU:2010.0,IT CCU,2010,2535,GCoMEC:v2
GCoMEC:IT CDC:2015.0,IT CDC,2015,235837,GCoMEC:v2
GCoMEC:IT CDD:2012.0,IT CDD,2012,7324,GCoMEC:v2
GCoMEC:IT CDR:2016.0,IT CDR,2016,24626,GCoMEC:v2
GCoMEC:IT CDT:2008.0,IT CDT,2008,205312,GCoMEC:v2
GCoMEC:IT CEE:2012.0,IT CEE,2012,45634,GCoMEC:v2
GCoMEC:IT CES:2018.0,IT CES,2018,14427,GCoMEC:v2
GCoMEC:IT CEY:2015.0,IT CEY,2015,36909,GCoMEC:v2
GCoMEC:IT CFV:2012.0,IT CFV,2012,214808,GCoMEC:v2
GCoMEC:IT CG4:2015.0,IT CG4,2015,32307,GCoMEC:v2
GCoMEC:IT CGA:2017.0,IT CGA,2017,54804,GCoMEC:v2
GCoMEC:IT CGN:2014.0,IT CGN,2014,61357,GCoMEC:v2
GCoMEC:IT CGS:2016.0,IT CGS,2016,32978,GCoMEC:v2
GCoMEC:IT CHD:2016.0,IT CHD,2016,12985,GCoMEC:v2
GCoMEC:IT CHV:2013.0,IT CHV,2013,22785,GCoMEC:v2
GCoMEC:IT CI4:2016.0,IT CI4,2016,118443,GCoMEC:v2
GCoMEC:IT CIB:2015.0,IT CIB,2015,218935,GCoMEC:v2
GCoMEC:IT CIE:2013.0,IT CIE,2013,140714,GCoMEC:v2
GCoMEC:IT CIG:2012.0,IT CIG,2012,29219,GCoMEC:v2
GCoMEC:IT CIN:2013.0,IT CIN,2013,24620,GCoMEC:v2
GCoMEC:IT CIT:2014.0,IT CIT,2014,69398,GCoMEC:v2
GCoMEC:IT CLC:2016.0,IT CLC,2016,13167,GCoMEC:v2
GCoMEC:IT CLD:2016.0,IT CLD,2016,27127,GCoMEC:v2
GCoMEC:IT CLE:2010.0,IT CLE,2010,53555,GCoMEC:v2
GCoMEC:IT CLG:2017.0,IT CLG,2017,76500,GCoMEC:v2
GCoMEC:IT CLK:2018.0,IT CLK,2018,33514,GCoMEC:v2
GCoMEC:IT CLL:2014.0,IT CLL,2014,16739,GCoMEC:v2
GCoMEC:IT CLU:2008.0,IT CLU,2008,28285,GCoMEC:v2
GCoMEC:IT CLY:2015.0,IT CLY,2015,10936,GCoMEC:v2
GCoMEC:IT CLZ:2015.0,IT CLZ,2015,202422,GCoMEC:v2
GCoMEC:IT CME:2010.0,IT CME,2010,38026,GCoMEC:v2
GCoMEC:IT CMR:2009.0,IT CMR,2009,163415,GCoMEC:v2
GCoMEC:IT CMT:2006.0,IT CMT,2006,4489,GCoMEC:v2
GCoMEC:IT CMZ:2015.0,IT CMZ,2015,7777,GCoMEC:v2
GCoMEC:IT CNL:2014.0,IT CNL,2014,71370,GCoMEC:v2
GCoMEC:IT CNM:2016.0,IT CNM,2016,28640,GCoMEC:v2
GCoMEC:IT CNT:2017.0,IT CNT,2017,145202,GCoMEC:v2
GCoMEC:IT CNV:2012.0,IT CNV,2012,34282,GCoMEC:v2
GCoMEC:IT CNZ:2013.0,IT CNZ,2013,189988,GCoMEC:v2
GCoMEC:IT COI:2012.0,IT COI,2012,106002,GCoMEC:v2
GCoMEC:IT COK:2010.0,IT COK,2010,5948,GCoMEC:v2
GCoMEC:IT COL:2015.0,IT COL,2015,29266,GCoMEC:v2
GCoMEC:IT COM:2018.0,IT COM,2018,46211,GCoMEC:v2
GCoMEC:IT CON:2009.0,IT CON,2009,18246,GCoMEC:v2
GCoMEC:IT COP:2015.0,IT COP,2015,58497,GCoMEC:v2
GCoMEC:IT COX:2017.0,IT COX,2017,22010,GCoMEC:v2
GCoMEC:IT CPP:2012.0,IT CPP,2012,178022,GCoMEC:v2
GCoMEC:IT CRE:2011.0,IT CRE,2011,342385,GCoMEC:v2
GCoMEC:IT CRH:2016.0,IT CRH,2016,50634,GCoMEC:v2
GCoMEC:IT CRL:2010.0,IT CRL,2010,15331,GCoMEC:v2
GCoMEC:IT CRM:2013.0,IT CRM,2013,102091,GCoMEC:v2
GCoMEC:IT CS3:2017.0,IT CS3,2017,31468,GCoMEC:v2
GCoMEC:IT CS9:2009.0,IT CS9,2009,21724,GCoMEC:v2
GCoMEC:IT CSH:2015.0,IT CSH,2015,52640,GCoMEC:v2
GCoMEC:IT CSR:2018.0,IT CSR,2018,175217,GCoMEC:v2
GCoMEC:IT CSW:2010.0,IT CSW,2010,10287,GCoMEC:v2
GCoMEC:IT CSZ:2012.0,IT CSZ,2012,115289,GCoMEC:v2
GCoMEC:IT CTC:2015.0,IT CTC,2015,8676,GCoMEC:v2
GCoMEC:IT CTO:2015.0,IT CTO,2015,66294,GCoMEC:v2
GCoMEC:IT CTQ:2015.0,IT CTQ,2015,14010,GCoMEC:v2
GCoMEC:IT CUE:2017.0,IT CUE,2017,32268,GCoMEC:v2
GCoMEC:IT CUN:2017.0,IT CUN,2017,446796,GCoMEC:v2
GCoMEC:IT CUR:2016.0,IT CUR,2016,37178,GCoMEC:v2
GCoMEC:IT CV9:2014.0,IT CV9,2014,23238,GCoMEC:v2
GCoMEC:IT CVG:2018.0,IT CVG,2018,58659,GCoMEC:v2
GCoMEC:IT CVO:2016.0,IT CVO,2016,8853,GCoMEC:v2
GCoMEC:IT CVU:2012.0,IT CVU,2012,34736,GCoMEC:v2
GCoMEC:IT CVZ:2010.0,IT CVZ,2010,61884,GCoMEC:v2
GCoMEC:IT CXN:2015.0,IT CXN,2015,69818,GCoMEC:v2
GCoMEC:IT CZA:2008.0,IT CZA,2008,10612,GCoMEC:v2
GCoMEC:IT CZT:2017.0,IT CZT,2017,5433,GCoMEC:v2
GCoMEC:IT DAI:2010.0,IT DAI,2010,20531,GCoMEC:v2
GCoMEC:IT DAX:2008.0,IT DAX,2008,30064,GCoMEC:v2
GCoMEC:IT DEV:2016.0,IT DEV,2016,15192,GCoMEC:v2
GCoMEC:IT DGD:2017.0,IT DGD,2017,4701,GCoMEC:v2
GCoMEC:IT DME:2018.0,IT DME,2018,100089,GCoMEC:v2
GCoMEC:IT DOL:2016.0,IT DOL,2016,70773,GCoMEC:v2
GCoMEC:IT DUV:2018.0,IT DUV,2018,54785,GCoMEC:v2
GCoMEC:IT EAT:2014.0,IT EAT,2014,27516,GCoMEC:v2
GCoMEC:IT EBO:2015.0,IT EBO,2015,77954,GCoMEC:v2
GCoMEC:IT EGG:2017.0,IT EGG,2017,21832,GCoMEC:v2
GCoMEC:IT EGL:2015.0,IT EGL,2015,7156,GCoMEC:v2
GCoMEC:IT ELI:2013.0,IT ELI,2013,8273,GCoMEC:v2
GCoMEC:IT ELM:2016.0,IT ELM,2016,54688,GCoMEC:v2
GCoMEC:IT END:2016.0,IT END,2016,8924,GCoMEC:v2
GCoMEC:IT ERA:2016.0,IT ERA,2016,67247,GCoMEC:v2
GCoMEC:IT ERM:2014.0,IT ERM,2014,57203,GCoMEC:v2
GCoMEC:IT ERO:2015.0,IT ERO,2015,78341,GCoMEC:v2
GCoMEC:IT ERT:2017.0,IT ERT,2017,7143,GCoMEC:v2
GCoMEC:IT ESP:2015.0,IT ESP,2015,27110,GCoMEC:v2
GCoMEC:IT EST:2015.0,IT EST,2015,89733,GCoMEC:v2
GCoMEC:IT ETR:2016.0,IT ETR,2016,4339,GCoMEC:v2
GCoMEC:IT FAG:2012.0,IT FAG,2012,37222,GCoMEC:v2
GCoMEC:IT FDV:2010.0,IT FDV,2010,18134,GCoMEC:v2
GCoMEC:IT FDZ:2009.0,IT FDZ,2009,229363,GCoMEC:v2
GCoMEC:IT FEN:2008.0,IT FEN,2008,29209,GCoMEC:v2
GCoMEC:IT FER:2016.0,IT FER,2016,157103,GCoMEC:v2
GCoMEC:IT FGD:2017.0,IT FGD,2017,25783,GCoMEC:v2
GCoMEC:IT FIL:2016.0,IT FIL,2016,10171,GCoMEC:v2
GCoMEC:IT FMD:2018.0,IT FMD,2018,243585,GCoMEC:v2
GCoMEC:IT FMG:2015.0,IT FMG,2015,173495,GCoMEC:v2
GCoMEC:IT FML:2015.0,IT FML,2015,51847,GCoMEC:v2
GCoMEC:IT FOD:2017.0,IT FOD,2017,17707,GCoMEC:v2
GCoMEC:IT FRA:2015.0,IT FRA,2015,119264,GCoMEC:v2
GCoMEC:IT FSC:2010.0,IT FSC,2010,6769,GCoMEC:v2
GCoMEC:IT FSS:2016.0,IT FSS,2016,86295,GCoMEC:v2
GCoMEC:IT FTA:2013.0,IT FTA,2013,18296,GCoMEC:v2
GCoMEC:IT FUS:2015.0,IT FUS,2015,49256,GCoMEC:v2
GCoMEC:IT FVO:2011.0,IT FVO,2011,69712,GCoMEC:v2
GCoMEC:IT FXO:2014.0,IT FXO,2014,22296,GCoMEC:v2
GCoMEC:IT G2Z:2016.0,IT G2Z,2016,20425,GCoMEC:v2
GCoMEC:IT GAM:2012.0,IT GAM,2012,41189,GCoMEC:v2
GCoMEC:IT GCV:2013.0,IT GCV,2013,15592,GCoMEC:v2
GCoMEC:IT GDR:2015.0,IT GDR,2015,83627,GCoMEC:v2
GCoMEC:IT GEC:2008.0,IT GEC,2008,12953,GCoMEC:v2
GCoMEC:IT GGB:2010.0,IT GGB,2010,2529,GCoMEC:v2
GCoMEC:IT GGI:2008.0,IT GGI,2008,48788,GCoMEC:v2
GCoMEC:IT GGZ:2019.0,IT GGZ,2019,59118,GCoMEC:v2
GCoMEC:IT GLB:2010.0,IT GLB,2010,14751,GCoMEC:v2
GCoMEC:IT GMC:2015.0,IT GMC,2015,344011,GCoMEC:v2
GCoMEC:IT GME:2014.0,IT GME,2014,20276,GCoMEC:v2
GCoMEC:IT GOE:2015.0,IT GOE,2015,18632,GCoMEC:v2
GCoMEC:IT GOI:2015.0,IT GOI,2015,46564,GCoMEC:v2
GCoMEC:IT GOL:2015.0,IT GOL,2015,22811,GCoMEC:v2
GCoMEC:IT GON:2009.0,IT GON,2009,18014,GCoMEC:v2
GCoMEC:IT GOZ:2015.0,IT GOZ,2015,10692,GCoMEC:v2
GCoMEC:IT GRA:2016.0,IT GRA,2016,18189,GCoMEC:v2
GCoMEC:IT GRB:2015.0,IT GRB,2015,104175,GCoMEC:v2
GCoMEC:IT GRG:2009.0,IT GRG,2009,189785,GCoMEC:v2
GCoMEC:IT GRO:2008.0,IT GRO,2008,2424,GCoMEC:v2
GCoMEC:IT GRS:2017.0,IT GRS,2017,267238,GCoMEC:v2
GCoMEC:IT GST:2010.0,IT GST,2010,38387,GCoMEC:v2
GCoMEC:IT GSU:2011.0,IT GSU,2011,6054,GCoMEC:v2
GCoMEC:IT GTE:2010.0,IT GTE,2010,282088,GCoMEC:v2
GCoMEC:IT GUS:2011.0,IT GUS,2011,140483,GCoMEC:v2
GCoMEC:IT GVR:2015.0,IT GVR,2015,2342,GCoMEC:v2
GCoMEC:IT GVT:2013.0,IT GVT,2013,29090,GCoMEC:v2
GCoMEC:IT GZS:2015.0,IT GZS,2015,65464,GCoMEC:v2
GCoMEC:IT GZZ:2008.0,IT GZZ,2008,10897,GCoMEC:v2
GCoMEC:IT HRG:2017.0,IT HRG,2017,52924,GCoMEC:v2
GCoMEC:IT HRV:2015.0,IT HRV,2015,35353,GCoMEC:v2
GCoMEC:IT IAR:2014.0,IT IAR,2014,9107,GCoMEC:v2
GCoMEC:IT ICE:2015.0,IT ICE,2015,77494,GCoMEC:v2
GCoMEC:IT ICV:2008.0,IT ICV,2008,43951,GCoMEC:v2
GCoMEC:IT IDO:2015.0,IT IDO,2015,10444,GCoMEC:v2
GCoMEC:IT IEN:2018.0,IT IEN,2018,12014,GCoMEC:v2
GCoMEC:IT IGL:2017.0,IT IGL,2017,121527,GCoMEC:v2
GCoMEC:IT IOA:2010.0,IT IOA,2010,240950,GCoMEC:v2
GCoMEC:IT IRN:2012.0,IT IRN,2012,26302,GCoMEC:v2
GCoMEC:IT IVR:2013.0,IT IVR,2013,94851,GCoMEC:v2
GCoMEC:IT IZA:2008.0,IT IZA,2008,34279,GCoMEC:v2
GCoMEC:IT JES:2016.0,IT JES,2016,218191,GCoMEC:v2
GCoMEC:IT KDA:2013.0,IT KDA,2013,18336,GCoMEC:v2
GCoMEC:IT LAD:2015.0,IT LAD,2015,115754,GCoMEC:v2
GCoMEC:IT LAO:2016.0,IT LAO,2016,97431,GCoMEC:v2
GCoMEC:IT LBA:2016.0,IT LBA,2016,96705,GCoMEC:v2
GCoMEC:IT LBS:2017.0,IT LBS,2017,22246,GCoMEC:v2
GCoMEC:IT LDI:2015.0,IT LDI,2015,181938,GCoMEC:v2
GCoMEC:IT LEE:2017.0,IT LEE,2017,20430,GCoMEC:v2
GCoMEC:IT LGI:2010.0,IT LGI,2010,18748,GCoMEC:v2
GCoMEC:IT LIC:2016.0,IT LIC,2016,69588,GCoMEC:v2
GCoMEC:IT LIS:2015.0,IT LIS,2015,20626,GCoMEC:v2
GCoMEC:IT LMB:2011.0,IT LMB,2011,121704,GCoMEC:v2
GCoMEC:IT LMG:2015.0,IT LMG,2015,27321,GCoMEC:v2
GCoMEC:IT LNI:2014.0,IT LNI,2014,120669,GCoMEC:v2
GCoMEC:IT LOP:2008.0,IT LOP,2008,94541,GCoMEC:v2
GCoMEC:IT LOR:2015.0,IT LOR,2015,20077,GCoMEC:v2
GCoMEC:IT LSN:2016.0,IT LSN,2016,57486,GCoMEC:v2
GCoMEC:IT LSS:2015.0,IT LSS,2015,74052,GCoMEC:v2
GCoMEC:IT LTE:2015.0,IT LTE,2015,133296,GCoMEC:v2
GCoMEC:IT LTN:2018.0,IT LTN,2018,532747,GCoMEC:v2
GCoMEC:IT LTZ:2010.0,IT LTZ,2010,27889,GCoMEC:v2
GCoMEC:IT LUG:2015.0,IT LUG,2015,182952,GCoMEC:v2
GCoMEC:IT LVC:2008.0,IT LVC,2008,43561,GCoMEC:v2
GCoMEC:IT LVR:2016.0,IT LVR,2016,16111,GCoMEC:v2
GCoMEC:IT LVX:2008.0,IT LVX,2008,85894,GCoMEC:v2
GCoMEC:IT LZN:2016.0,IT LZN,2016,138178,GCoMEC:v2
GCoMEC:IT M2S:2016.0,IT M2S,2016,13056,GCoMEC:v2
GCoMEC:IT MA5:2012.0,IT MA5,2012,15000,GCoMEC:v2
GCoMEC:IT MAM:2010.0,IT MAM,2010,9405,GCoMEC:v2
GCoMEC:IT MAN:2017.0,IT MAN,2017,221696,GCoMEC:v2
GCoMEC:IT MAR:2015.0,IT MAR,2015,88612,GCoMEC:v2
GCoMEC:IT MBD:2012.0,IT MBD,2012,14221,GCoMEC:v2
GCoMEC:IT MBF:2013.0,IT MBF,2013,29650,GCoMEC:v2
GCoMEC:IT MCA:2016.0,IT MCA,2016,191276,GCoMEC:v2
GCoMEC:IT MCE:2014.0,IT MCE,2014,73554,GCoMEC:v2
GCoMEC:IT MCP:2014.0,IT MCP,2014,16154,GCoMEC:v2
GCoMEC:IT MCR:2014.0,IT MCR,2014,53594,GCoMEC:v2
GCoMEC:IT MDI:2015.0,IT MDI,2015,63680,GCoMEC:v2
GCoMEC:IT MDP:2015.0,IT MDP,2015,39241,GCoMEC:v2
GCoMEC:IT ME9:2014.0,IT ME9,2014,13771,GCoMEC:v2
GCoMEC:IT MED:2018.0,IT MED,2018,91943,GCoMEC:v2
GCoMEC:IT MEN:2015.0,IT MEN,2015,219468,GCoMEC:v2
GCoMEC:IT MFR:2012.0,IT MFR,2012,172666,GCoMEC:v2
GCoMEC:IT MGN:2012.0,IT MGN,2012,50133,GCoMEC:v2
GCoMEC:IT MII:2011.0,IT MII,2011,34339,GCoMEC:v2
GCoMEC:IT MIN:2008.0,IT MIN,2008,11907,GCoMEC:v2
GCoMEC:IT MIR:2015.0,IT MIR,2015,82328,GCoMEC:v2
GCoMEC:IT MIS:2018.0,IT MIS,2018,69690,GCoMEC:v2
GCoMEC:IT MLG:2015.0,IT MLG,2015,54351,GCoMEC:v2
GCoMEC:IT MLN:2012.0,IT MLN,2012,11729,GCoMEC:v2
GCoMEC:IT MML:2016.0,IT MML,2016,49965,GCoMEC:v2
GCoMEC:IT MOA:2015.0,IT MOA,2015,126310,GCoMEC:v2
GCoMEC:IT MOC:2010.0,IT MOC,2010,8108,GCoMEC:v2
GCoMEC:IT MOD:2018.0,IT MOD,2018,999040,GCoMEC:v2
GCoMEC:IT MOL:2014.0,IT MOL,2014,158099,GCoMEC:v2
GCoMEC:IT MOZ:2012.0,IT MOZ,2012,12048,GCoMEC:v2
GCoMEC:IT MRA:2017.0,IT MRA,2017,72689,GCoMEC:v2
GCoMEC:IT MS6:2014.0,IT MS6,2014,13637,GCoMEC:v2
GCoMEC:IT MSE:2015.0,IT MSE,2015,8396,GCoMEC:v2
GCoMEC:IT MSL:2015.0,IT MSL,2015,70232,GCoMEC:v2
GCoMEC:IT MSN:2015.0,IT MSN,2015,524515,GCoMEC:v2
GCoMEC:IT MSP:2018.0,IT MSP,2018,45672,GCoMEC:v2
GCoMEC:IT MSR:2016.0,IT MSR,2016,8100,GCoMEC:v2
GCoMEC:IT MTD:2015.0,IT MTD,2015,155023,GCoMEC:v2
GCoMEC:IT MUZ:2015.0,IT MUZ,2015,20360,GCoMEC:v2
GCoMEC:IT MVA:2018.0,IT MVA,2018,10882,GCoMEC:v2
GCoMEC:IT MVC:2013.0,IT MVC,2013,7989,GCoMEC:v2
GCoMEC:IT MVL:2010.0,IT MVL,2010,12507,GCoMEC:v2
GCoMEC:IT MVS:2008.0,IT MVS,2008,23382,GCoMEC:v2
GCoMEC:IT MZ3:2010.0,IT MZ3,2010,7692,GCoMEC:v2
GCoMEC:IT MZA:2008.0,IT MZA,2008,570112,GCoMEC:v2
GCoMEC:IT MZO:2015.0,IT MZO,2015,95267,GCoMEC:v2
GCoMEC:IT MZP:2016.0,IT MZP,2016,27556,GCoMEC:v2
GCoMEC:IT NAR:2016.0,IT NAR,2016,130157,GCoMEC:v2
GCoMEC:IT NEM:2018.0,IT NEM,2018,36124,GCoMEC:v2
GCoMEC:IT NER:2010.0,IT NER,2010,106965,GCoMEC:v2
GCoMEC:IT NEV:2015.0,IT NEV,2015,4099,GCoMEC:v2
GCoMEC:IT NLG:2013.0,IT NLG,2013,252802,GCoMEC:v2
GCoMEC:IT NLO:2013.0,IT NLO,2013,154886,GCoMEC:v2
GCoMEC:IT NML:2014.0,IT NML,2014,62373,GCoMEC:v2
GCoMEC:IT NOA:2015.0,IT NOA,2015,43066,GCoMEC:v2
GCoMEC:IT NOV:2011.0,IT NOV,2011,117331,GCoMEC:v2
GCoMEC:IT NVC:2014.0,IT NVC,2014,32507,GCoMEC:v2
GCoMEC:IT NVP:2015.0,IT NVP,2015,36456,GCoMEC:v2
GCoMEC:IT O88:2014.0,IT O88,2014,5903,GCoMEC:v2
GCoMEC:IT OAD:2008.0,IT OAD,2008,15005,GCoMEC:v2
GCoMEC:IT OBS:2015.0,IT OBS,2015,97104,GCoMEC:v2
GCoMEC:IT ODL:2015.0,IT ODL,2015,10027,GCoMEC:v2
GCoMEC:IT ODZ:2015.0,IT ODZ,2015,120826,GCoMEC:v2
GCoMEC:IT OEN:2009.0,IT OEN,2009,36320,GCoMEC:v2
GCoMEC:IT OFF:2016.0,IT OFF,2016,7033,GCoMEC:v2
GCoMEC:IT OGG:2014.0,IT OGG,2014,58603,GCoMEC:v2
GCoMEC:IT OGO:2012.0,IT OGO,2012,20175,GCoMEC:v2
GCoMEC:IT OLB:2014.0,IT OLB,2014,225224,GCoMEC:v2
GCoMEC:IT OLC:2012.0,IT OLC,2012,62809,GCoMEC:v2
GCoMEC:IT OME:2012.0,IT OME,2012,13073,GCoMEC:v2
GCoMEC:IT OMG:2015.0,IT OMG,2015,52999,GCoMEC:v2
GCoMEC:IT OOG:2014.0,IT OOG,2014,20045,GCoMEC:v2
GCoMEC:IT OON:2015.0,IT OON,2015,25326,GCoMEC:v2
GCoMEC:IT OOR:2017.0,IT OOR,2017,4503,GCoMEC:v2
GCoMEC:IT ORR:2015.0,IT ORR,2015,92175,GCoMEC:v2
GCoMEC:IT OSN:2015.0,IT OSN,2015,27999,GCoMEC:v2
GCoMEC:IT OSS:2016.0,IT OSS,2016,35676,GCoMEC:v2
GCoMEC:IT OTA:2016.0,IT OTA,2016,1631437,GCoMEC:v2
GCoMEC:IT OUA:2015.0,IT OUA,2015,4992,GCoMEC:v2
GCoMEC:IT OVN:2018.0,IT OVN,2018,59027,GCoMEC:v2
GCoMEC:IT OVR:2016.0,IT OVR,2016,15801,GCoMEC:v2
GCoMEC:IT OVZ:2015.0,IT OVZ,2015,31483,GCoMEC:v2
GCoMEC:IT OZE:2016.0,IT OZE,2016,91481,GCoMEC:v2
GCoMEC:IT PAO:2015.0,IT PAO,2015,17991,GCoMEC:v2
GCoMEC:IT PAP:2010.0,IT PAP,2010,7856,GCoMEC:v2
GCoMEC:IT PBO:2006.0,IT PBO,2006,23348,GCoMEC:v2
GCoMEC:IT PCF:2013.0,IT PCF,2013,7063,GCoMEC:v2
GCoMEC:IT PCT:2015.0,IT PCT,2015,4525,GCoMEC:v2
GCoMEC:IT PCZ:2018.0,IT PCZ,2018,812559,GCoMEC:v2
GCoMEC:IT PDO:2018.0,IT PDO,2018,31448,GCoMEC:v2
GCoMEC:IT PEN:2008.0,IT PEN,2008,70278,GCoMEC:v2
GCoMEC:IT PES:2016.0,IT PES,2016,404161,GCoMEC:v2
GCoMEC:IT PFU:2014.0,IT PFU,2014,8527,GCoMEC:v2
GCoMEC:IT PGR:2017.0,IT PGR,2017,93912,GCoMEC:v2
GCoMEC:IT PGZ:2017.0,IT PGZ,2017,61002,GCoMEC:v2
GCoMEC:IT PIF:2013.0,IT PIF,2013,12329,GCoMEC:v2
GCoMEC:IT PIG:2015.0,IT PIG,2015,62074,GCoMEC:v2
GCoMEC:IT PIL:2017.0,IT PIL,2017,191810,GCoMEC:v2
GCoMEC:IT PIR:2013.0,IT PIR,2013,46141,GCoMEC:v2
GCoMEC:IT PLA:2018.0,IT PLA,2018,29810,GCoMEC:v2
GCoMEC:IT PLC:2014.0,IT PLC,2014,20472,GCoMEC:v2
GCoMEC:IT PLO:2015.0,IT PLO,2015,123679,GCoMEC:v2
GCoMEC:IT PMF:2017.0,IT PMF,2017,1003410,GCoMEC:v2
GCoMEC:IT PMV:2008.0,IT PMV,2008,70453,GCoMEC:v2
GCoMEC:IT PNS:2017.0,IT PNS,2017,6550,GCoMEC:v2
GCoMEC:IT POG:2013.0,IT POG,2013,125295,GCoMEC:v2
GCoMEC:IT POM:2015.0,IT POM,2015,477267,GCoMEC:v2
GCoMEC:IT PPR:2015.0,IT PPR,2015,80234,GCoMEC:v2
GCoMEC:IT PPT:2016.0,IT PPT,2016,32506,GCoMEC:v2
GCoMEC:IT PRM:2015.0,IT PRM,2015,44683,GCoMEC:v2
GCoMEC:IT PS8:2016.0,IT PS8,2016,17783,GCoMEC:v2
GCoMEC:IT PSP:2016.0,IT PSP,2016,36416,GCoMEC:v2
GCoMEC:IT PSR:2016.0,IT PSR,2016,509477,GCoMEC:v2
GCoMEC:IT PT9:2013.0,IT PT9,2013,2776,GCoMEC:v2
GCoMEC:IT PUL:2018.0,IT PUL,2018,34357,GCoMEC:v2
GCoMEC:IT PUO:2017.0,IT PUO,2017,20852,GCoMEC:v2
GCoMEC:IT PVF:2008.0,IT PVF,2008,28142,GCoMEC:v2
GCoMEC:IT PVL:2017.0,IT PVL,2017,114841,GCoMEC:v2
GCoMEC:IT PVM:2008.0,IT PVM,2008,71418,GCoMEC:v2
GCoMEC:IT PZD:2015.0,IT PZD,2015,10613,GCoMEC:v2
GCoMEC:IT PZW:2010.0,IT PZW,2010,17338,GCoMEC:v2
GCoMEC:IT QTA:2010.0,IT QTA,2010,37243,GCoMEC:v2
GCoMEC:IT QZW:2017.0,IT QZW,2017,43293,GCoMEC:v2
GCoMEC:IT RAN:2010.0,IT RAN,2010,1363810,GCoMEC:v2
GCoMEC:IT RBD:2012.0,IT RBD,2012,60781,GCoMEC:v2
GCoMEC:IT RBT:2015.0,IT RBT,2015,20278,GCoMEC:v2
GCoMEC:IT RCN:2010.0,IT RCN,2010,29486,GCoMEC:v2
GCoMEC:IT RDE:2008.0,IT RDE,2008,105268,GCoMEC:v2
GCoMEC:IT RDG:2019.0,IT RDG,2019,51980,GCoMEC:v2
GCoMEC:IT RDT:2015.0,IT RDT,2015,84966,GCoMEC:v2
GCoMEC:IT RHO:2015.0,IT RHO,2015,120722,GCoMEC:v2
GCoMEC:IT RII:2017.0,IT RII,2017,17240,GCoMEC:v2
GCoMEC:IT RIS:2010.0,IT RIS,2010,46124,GCoMEC:v2
GCoMEC:IT RLA:2015.0,IT RLA,2015,24137,GCoMEC:v2
GCoMEC:IT RLS:2012.0,IT RLS,2012,36164,GCoMEC:v2
GCoMEC:IT RMO:2012.0,IT RMO,2012,268404,GCoMEC:v2
GCoMEC:IT RMZ:2016.0,IT RMZ,2016,64998,GCoMEC:v2
GCoMEC:IT RNC:2008.0,IT RNC,2008,105268,GCoMEC:v2
GCoMEC:IT ROA:2015.0,IT ROA,2015,35713,GCoMEC:v2
GCoMEC:IT ROF:2015.0,IT ROF,2015,31010,GCoMEC:v2
GCoMEC:IT ROL:2012.0,IT ROL,2012,55685,GCoMEC:v2
GCoMEC:IT ROO:2012.0,IT ROO,2012,27099,GCoMEC:v2
GCoMEC:IT RPI:2017.0,IT RPI,2017,248624,GCoMEC:v2
GCoMEC:IT RPS:2013.0,IT RPS,2013,21204,GCoMEC:v2
GCoMEC:IT RRG:2016.0,IT RRG,2016,1631437,GCoMEC:v2
GCoMEC:IT RSC:2015.0,IT RSC,2015,45505,GCoMEC:v2
GCoMEC:IT RTO:2016.0,IT RTO,2016,260086,GCoMEC:v2
GCoMEC:IT RUB:2015.0,IT RUB,2015,89380,GCoMEC:v2
GCoMEC:IT RVA:2017.0,IT RVA,2017,14725,GCoMEC:v2
GCoMEC:IT RVL:2015.0,IT RVL,2015,198942,GCoMEC:v2
GCoMEC:IT RVT:2015.0,IT RVT,2015,15731,GCoMEC:v2
GCoMEC:IT S2N:2012.0,IT S2N,2012,21413,GCoMEC:v2
GCoMEC:IT S9R:2016.0,IT S9R,2016,30555,GCoMEC:v2
GCoMEC:IT SA7:2008.0,IT SA7,2008,15422,GCoMEC:v2
GCoMEC:IT SAA:2015.0,IT SAA,2015,32035,GCoMEC:v2
GCoMEC:IT SAB:2008.0,IT SAB,2008,28029,GCoMEC:v2
GCoMEC:IT SAL:2015.0,IT SAL,2015,524591,GCoMEC:v2
GCoMEC:IT SBF:2014.0,IT SBF,2014,112734,GCoMEC:v2
GCoMEC:IT SBR:2016.0,IT SBR,2016,69880,GCoMEC:v2
GCoMEC:IT SCA:2016.0,IT SCA,2016,115848,GCoMEC:v2
GCoMEC:IT SCH:2013.0,IT SCH,2013,207868,GCoMEC:v2
GCoMEC:IT SCI:2016.0,IT SCI,2016,122494,GCoMEC:v2
GCoMEC:IT SCZ:2016.0,IT SCZ,2016,67533,GCoMEC:v2
GCoMEC:IT SDA:2018.0,IT SDA,2018,21994,GCoMEC:v2
GCoMEC:IT SDB:2010.0,IT SDB,2010,283325,GCoMEC:v2
GCoMEC:IT SDP:2017.0,IT SDP,2017,90147,GCoMEC:v2
GCoMEC:IT SEG:2016.0,IT SEG,2016,217374,GCoMEC:v2
GCoMEC:IT SEN:2015.0,IT SEN,2015,77998,GCoMEC:v2
GCoMEC:IT SER:2010.0,IT SER,2010,122308,GCoMEC:v2
GCoMEC:IT SEV:2012.0,IT SEV,2012,68915,GCoMEC:v2
GCoMEC:IT SEZ:2014.0,IT SEZ,2014,65525,GCoMEC:v2
GCoMEC:IT SIB:2014.0,IT SIB,2014,11363,GCoMEC:v2
GCoMEC:IT SIR:2015.0,IT SIR,2015,70778,GCoMEC:v2
GCoMEC:IT SL7:2008.0,IT SL7,2008,20370,GCoMEC:v2
GCoMEC:IT SLS:2015.0,IT SLS,2015,155989,GCoMEC:v2
GCoMEC:IT SMB:2018.0,IT SMB,2018,75208,GCoMEC:v2
GCoMEC:IT SMN:2016.0,IT SMN,2016,6956,GCoMEC:v2
GCoMEC:IT SMS:2015.0,IT SMS,2015,52811,GCoMEC:v2
GCoMEC:IT SMU:2018.0,IT SMU,2018,48490,GCoMEC:v2
GCoMEC:IT SMV:2018.0,IT SMV,2018,42234,GCoMEC:v2
GCoMEC:IT SNW:2017.0,IT SNW,2017,5088,GCoMEC:v2
GCoMEC:IT SNX:2016.0,IT SNX,2016,12143,GCoMEC:v2
GCoMEC:IT SNY:2014.0,IT SNY,2014,87532,GCoMEC:v2
GCoMEC:IT SO8:2017.0,IT SO8,2017,52051,GCoMEC:v2
GCoMEC:IT SOA:2016.0,IT SOA,2016,6954,GCoMEC:v2
GCoMEC:IT SOB:2015.0,IT SOB,2015,29,GCoMEC:v2
GCoMEC:IT SOH:2008.0,IT SOH,2008,52412,GCoMEC:v2
GCoMEC:IT SOT:2015.0,IT SOT,2015,8618,GCoMEC:v2
GCoMEC:IT SOV:2014.0,IT SOV,2014,60065,GCoMEC:v2
GCoMEC:IT SOX:2011.0,IT SOX,2011,60892,GCoMEC:v2
GCoMEC:IT SPE:2013.0,IT SPE,2013,243638,GCoMEC:v2
GCoMEC:IT SR3:2015.0,IT SR3,2015,42743,GCoMEC:v2
GCoMEC:IT SRM:2017.0,IT SRM,2017,49126,GCoMEC:v2
GCoMEC:IT SRS:2011.0,IT SRS,2011,70617,GCoMEC:v2
GCoMEC:IT SSE:2015.0,IT SSE,2015,26443,GCoMEC:v2
GCoMEC:IT SSG:2012.0,IT SSG,2012,399410,GCoMEC:v2
GCoMEC:IT SSM:2018.0,IT SSM,2018,79533,GCoMEC:v2
GCoMEC:IT SSU:2016.0,IT SSU,2016,180074,GCoMEC:v2
GCoMEC:IT STI:2015.0,IT STI,2015,120594,GCoMEC:v2
GCoMEC:IT STO:2016.0,IT STO,2016,3373,GCoMEC:v2
GCoMEC:IT STZ:2016.0,IT STZ,2016,45245,GCoMEC:v2
GCoMEC:IT SUI:2016.0,IT SUI,2016,10924,GCoMEC:v2
GCoMEC:IT SVN:2011.0,IT SVN,2011,193523,GCoMEC:v2
GCoMEC:IT SXD:2017.0,IT SXD,2017,23003,GCoMEC:v2
GCoMEC:IT SZA:2008.0,IT SZA,2008,127489,GCoMEC:v2
GCoMEC:IT SZE:2008.0,IT SZE,2008,78547,GCoMEC:v2
GCoMEC:IT SZO:2016.0,IT SZO,2016,42570,GCoMEC:v2
GCoMEC:IT SZT:2010.0,IT SZT,2010,95390,GCoMEC:v2
GCoMEC:IT TAM:2013.0,IT TAM,2013,20208,GCoMEC:v2
GCoMEC:IT TBD:2015.0,IT TBD,2015,22880,GCoMEC:v2
GCoMEC:IT TCO:2014.0,IT TCO,2014,74680,GCoMEC:v2
GCoMEC:IT TCZ:2018.0,IT TCZ,2018,24158,GCoMEC:v2
GCoMEC:IT TDN:2012.0,IT TDN,2012,16406,GCoMEC:v2
GCoMEC:IT TDO:2015.0,IT TDO,2015,14572,GCoMEC:v2
GCoMEC:IT TDQ:2015.0,IT TDQ,2015,44965,GCoMEC:v2
GCoMEC:IT TEL:2014.0,IT TEL,2014,39091,GCoMEC:v2
GCoMEC:IT TGC:2015.0,IT TGC,2015,79249,GCoMEC:v2
GCoMEC:IT TGG:2015.0,IT TGG,2015,25891,GCoMEC:v2
GCoMEC:IT TGI:2010.0,IT TGI,2010,8663,GCoMEC:v2
GCoMEC:IT TGO:2016.0,IT TGO,2016,43851,GCoMEC:v2
GCoMEC:IT THE:2015.0,IT THE,2015,126576,GCoMEC:v2
GCoMEC:IT TIL:2010.0,IT TIL,2010,82339,GCoMEC:v2
GCoMEC:IT TLA:2010.0,IT TLA,2010,89401,GCoMEC:v2
GCoMEC:IT TLL:2015.0,IT TLL,2015,33141,GCoMEC:v2
GCoMEC:IT TLO:2017.0,IT TLO,2017,52458,GCoMEC:v2
GCoMEC:IT TMF:2016.0,IT TMF,2016,4645,GCoMEC:v2
GCoMEC:IT TOM:2018.0,IT TOM,2018,31300,GCoMEC:v2
GCoMEC:IT TPS:2017.0,IT TPS,2017,156863,GCoMEC:v2
GCoMEC:IT TRB:2012.0,IT TRB,2012,19370,GCoMEC:v2
GCoMEC:IT TRS:2016.0,IT TRS,2016,825878,GCoMEC:v2
GCoMEC:IT TRT:2017.0,IT TRT,2017,761230,GCoMEC:v2
GCoMEC:IT TRV:2017.0,IT TRV,2017,407139,GCoMEC:v2
GCoMEC:IT TRZ:2010.0,IT TRZ,2010,47092,GCoMEC:v2
GCoMEC:IT TVG:2018.0,IT TVG,2018,154781,GCoMEC:v2
GCoMEC:IT TVL:2012.0,IT TVL,2012,48268,GCoMEC:v2
GCoMEC:IT TXN:2010.0,IT TXN,2010,15068,GCoMEC:v2
GCoMEC:IT TZA:2012.0,IT TZA,2012,14305,GCoMEC:v2
GCoMEC:IT TZV:2011.0,IT TZV,2011,158615,GCoMEC:v2
GCoMEC:IT UDN:2015.0,IT UDN,2015,527034,GCoMEC:v2
GCoMEC:IT UHJ:2016.0,IT UHJ,2016,11995,GCoMEC:v2
GCoMEC:IT URB:2005.0,IT URB,2005,111591,GCoMEC:v2
GCoMEC:IT URT:2008.0,IT URT,2008,65129,GCoMEC:v2
GCoMEC:IT UTV:2007.0,IT UTV,2007,17025,GCoMEC:v2
GCoMEC:IT UUC:2015.0,IT UUC,2015,15457,GCoMEC:v2
GCoMEC:IT VAN:2016.0,IT VAN,2016,7144,GCoMEC:v2
GCoMEC:IT VAO:2015.0,IT VAO,2015,40249,GCoMEC:v2
GCoMEC:IT VBH:2010.0,IT VBH,2010,13997,GCoMEC:v2
GCoMEC:IT VDD:2016.0,IT VDD,2016,12491,GCoMEC:v2
GCoMEC:IT VDN:2008.0,IT VDN,2008,147198,GCoMEC:v2
GCoMEC:IT VDR:2015.0,IT VDR,2015,16468,GCoMEC:v2
GCoMEC:IT VE2:2018.0,IT VE2,2018,6404,GCoMEC:v2
GCoMEC:IT VEA:2017.0,IT VEA,2017,145063,GCoMEC:v2
GCoMEC:IT VEL:2017.0,IT VEL,2017,52407,GCoMEC:v2
GCoMEC:IT VGM:2013.0,IT VGM,2013,46479,GCoMEC:v2
GCoMH:IT VGQ:2009.0,IT VGQ,2009,204861,GCoMH:2021
GCoMEC:IT VGT:2012.0,IT VGT,2012,33955,GCoMEC:v2
GCoMEC:IT VIL:2016.0,IT VIL,2016,4891,GCoMEC:v2
GCoMEC:IT VIN:2016.0,IT VIN,2016,115008,GCoMEC:v2
GCoMEC:IT VLC:2015.0,IT VLC,2015,21824,GCoMEC:v2
GCoMEC:IT VLD:2018.0,IT VLD,2018,19533,GCoMEC:v2
GCoMEC:IT VLI:2019.0,IT VLI,2019,18811,GCoMEC:v2
GCoMEC:IT VLM:2012.0,IT VLM,2012,61814,GCoMEC:v2
GCoMEC:IT VNL:2014.0,IT VNL,2014,56956,GCoMEC:v2
GCoMEC:IT VNT:2013.0,IT VNT,2013,34413,GCoMEC:v2
GCoMEC:IT VNZ:2008.0,IT VNZ,2008,26114,GCoMEC:v2
GCoMEC:IT VOL:2013.0,IT VOL,2013,29227,GCoMEC:v2
GCoMEC:IT VPD:2019.0,IT VPD,2019,22663,GCoMEC:v2
GCoMEC:IT VPT:2008.0,IT VPT,2008,13918,GCoMEC:v2
GCoMEC:IT VQO:2014.0,IT VQO,2014,2644,GCoMEC:v2
GCoMEC:IT VRD:2017.0,IT VRD,2017,23615,GCoMEC:v2
GCoMEC:IT VRL:2012.0,IT VRL,2012,288147,GCoMEC:v2
GCoMEC:IT VRN:2017.0,IT VRN,2017,1348161,GCoMEC:v2
GCoMEC:IT VRT:2016.0,IT VRT,2016,13932,GCoMEC:v2
GCoMEC:IT VRV:2013.0,IT VRV,2013,137525,GCoMEC:v2
GCoMEC:IT VSN:2015.0,IT VSN,2015,50737,GCoMEC:v2
GCoMEC:IT VST:2013.0,IT VST,2013,9394,GCoMEC:v2
GCoMEC:IT VTC:2008.0,IT VTC,2008,4166,GCoMEC:v2
GCoMEC:IT VTN:2015.0,IT VTN,2015,23488,GCoMEC:v2
GCoMEC:IT VVQ:2015.0,IT VVQ,2015,22113,GCoMEC:v2
GCoMEC:IT VZ6:2016.0,IT VZ6,2016,47795,GCoMEC:v2
GCoMEC:IT VZH:2010.0,IT VZH,2010,37125,GCoMEC:v2
GCoMEC:IT XAV:2016.0,IT XAV,2016,52947,GCoMEC:v2
GCoMEC:IT XPC:2013.0,IT XPC,2013,15759,GCoMEC:v2
GCoMEC:IT Z7G:2008.0,IT Z7G,2008,1803,GCoMEC:v2
GCoMEC:IT ZAB:2016.0,IT ZAB,2016,11253,GCoMEC:v2
GCoMEC:IT ZAN:2017.0,IT ZAN,2017,6722,GCoMEC:v2
GCoMEC:IT ZBQ:2011.0,IT ZBQ,2011,87058,GCoMEC:v2
GCoMEC:IT ZEE:2015.0,IT ZEE,2015,27263,GCoMEC:v2
GCoMEC:IT ZEN:2015.0,IT ZEN,2015,125544,GCoMEC:v2
GCoMEC:IT ZET:2017.0,IT ZET,2017,85974,GCoMEC:v2
GCoMEC:IT ZHA:2008.0,IT ZHA,2008,21631,GCoMEC:v2
GCoMEC:IT ZHH:2016.0,IT ZHH,2016,63917,GCoMEC:v2
GCoMEC:IT ZHJ:2014.0,IT ZHJ,2014,14319,GCoMEC:v2
GCoMEC:IT ZHQ:2017.0,IT ZHQ,2017,28672,GCoMEC:v2
GCoMEC:IT ZIL:2013.0,IT ZIL,2013,8781,GCoMEC:v2
GCoMEC:IT ZIR:2013.0,IT ZIR,2013,1330,GCoMEC:v2
GCoMEC:IT ZJF:2014.0,IT ZJF,2014,4405,GCoMEC:v2
GCoMEC:IT ZJR:2010.0,IT ZJR,2010,5832,GCoMEC:v2
GCoMEC:IT ZJU:2017.0,IT ZJU,2017,4989,GCoMEC:v2
GCoMEC:IT ZKI:2014.0,IT ZKI,2014,22204,GCoMEC:v2
GCoMEC:IT ZKO:2008.0,IT ZKO,2008,11146,GCoMEC:v2
GCoMEC:IT ZKV:2008.0,IT ZKV,2008,53020,GCoMEC:v2
GCoMEC:IT ZMB:2013.0,IT ZMB,2013,55808,GCoMEC:v2
GCoMEC:IT ZNC:2016.0,IT ZNC,2016,22024,GCoMEC:v2
GCoMEC:IT ZND:2014.0,IT ZND,2014,21834,GCoMEC:v2
GCoMEC:IT ZNF:2016.0,IT ZNF,2016,8610,GCoMEC:v2
GCoMEC:IT ZOI:2020.0,IT ZOI,2020,23693,GCoMEC:v2
GCoMEC:IT ZOL:2018.0,IT ZOL,2018,129350,GCoMEC:v2
GCoMEC:IT ZOT:2015.0,IT ZOT,2015,18758,GCoMEC:v2
GCoMEC:IT ZPJ:2012.0,IT ZPJ,2012,23337,GCoMEC:v2
GCoMEC:IT ZQT:2013.0,IT ZQT,2013,23759,GCoMEC:v2
GCoMEC:IT ZQU:2017.0,IT ZQU,2017,9083,GCoMEC:v2
GCoMEC:IT ZRM:2013.0,IT ZRM,2013,3776,GCoMEC:v2
GCoMEC:IT ZSG:2015.0,IT ZSG,2015,18881,GCoMEC:v2
GCoMEC:IT ZSL:2012.0,IT ZSL,2012,28590,GCoMEC:v2
GCoMEC:IT ZSU:2008.0,IT ZSU,2008,42346,GCoMEC:v2
GCoMEC:IT ZTN:2019.0,IT ZTN,2019,13040,GCoMEC:v2
GCoMEC:IT ZUF:2015.0,IT ZUF,2015,70409,GCoMEC:v2
GCoMEC:IT ZUP:2015.0,IT ZUP,2015,15470,GCoMEC:v2
GCoMEC:IT ZVJ:2014.0,IT ZVJ,2014,28393,GCoMEC:v2
GCoMEC:IT ZVO:2016.0,IT ZVO,2016,107445,GCoMEC:v2
GCoMEC:IT ZVQ:2018.0,IT ZVQ,2018,61714,GCoMEC:v2
GCoMEC:IT ZWM:2017.0,IT ZWM,2017,43293,GCoMEC:v2
GCoMEC:IT ZXJ:2015.0,IT ZXJ,2015,33595,GCoMEC:v2
GCoMEC:IT ZZN:2013.0,IT ZZN,2013,12603,GCoMEC:v2
GCoMEC:LT KUN:2013.0,LT KUN,2013,1072898,GCoMEC:v2
GCoMEC:LT VIL:2017.0,LT VIL,2017,2714514,GCoMEC:v2
GCoMEC:LT VNO:2017.0,LT VNO,2017,2714514,GCoMEC:v2
GCoMEC:LU BKE:2009.0,LU BKE,2009,17314,GCoMEC:v2
GCoMEC:LV BAL:2012.0,LV BAL,2012,41350,GCoMEC:v2
GCoMEC:LV BNH:2012.0,LV BNH,2012,14255,GCoMEC:v2
GCoMEC:LV DGP:2016.0,LV DGP,2016,66264,GCoMEC:v2
GCoMEC:LV JGA:2018.0,LV JGA,2018,109011,GCoMEC:v2
GCoMEC:LV JPS:2013.0,LV JPS,2013,32349,GCoMEC:v2
GCoMEC:LV LPX:2018.0,LV LPX,2018,124593,GCoMEC:v2
GCoMEC:LV SDS:2015.0,LV SDS,2015,14728,GCoMEC:v2
GCoMEC:LV STE:2017.0,LV STE,2017,7761,GCoMEC:v2
GCoMEC:LV TKM:2010.0,LV TKM,2010,17184,GCoMEC:v2
GCoMEC:LV ZJA:2017.0,LV ZJA,2017,135983,GCoMEC:v2
GCoMEC:MD CAL:2018.0,MD CAL,2018,13439,GCoMEC:v2
GCoMEC:MD SOR:2012.0,MD SOR,2012,33243,GCoMEC:v2
GCoMEC:NL AMS:2015.0,NL AMS,2015,4470263,GCoMEC:v2
GCoMEC:NL DFT:2014.0,NL DFT,2014,398295,GCoMEC:v2
GCoMEC:NL NIJ:2013.0,NL NIJ,2013,718457,GCoMEC:v2
GCoMEC:NL RTM:2005.0,NL RTM,2005,1976855,GCoMEC:v2
GCoMEC:NL TLB:2015.0,NL TLB,2015,854523,GCoMEC:v2
GCoMEC:NL ZTM:2013.0,NL ZTM,2013,518991,GCoMEC:v2
GCoMEC:NO SVG:2016.0,NO SVG,2016,233843,GCoMEC:v2
GCoMEC:PL BET:2009.0,PL BET,2009,34911,GCoMEC:v2
GCoMEC:PL BIB:2014.0,PL BIB,2014,1022906,GCoMEC:v2
GCoMEC:PL BLW:2009.0,PL BLW,2009,131297,GCoMEC:v2
GCoMEC:PL BZG:2011.0,PL BZG,2011,2968035,GCoMEC:v2
GCoMEC:PL CRZ:2020.0,PL CRZ,2020,66288,GCoMEC:v2
GCoMEC:PL CZW:2017.0,PL CZW,2017,725434,GCoMEC:v2
GCoMEC:PL DAB:2011.0,PL DAB,2011,505756,GCoMEC:v2
GCoMEC:PL DZO:2009.0,PL DZO,2009,211276,GCoMEC:v2
GCoMEC:PL GDY:2014.0,PL GDY,2014,1262978,GCoMEC:v2
GCoMEC:PL GNI:2011.0,PL GNI,2011,24089,GCoMEC:v2
GCoMEC:PL JAA:2009.0,PL JAA,2009,80905,GCoMEC:v2
GCoMEC:PL JWE:2009.0,PL JWE,2009,26846,GCoMEC:v2
GCoMEC:PL KOS:2014.0,PL KOS,2014,119155,GCoMEC:v2
GCoMEC:PL KOZ:2009.0,PL KOZ,2009,41308,GCoMEC:v2
GCoMEC:PL LEJ:2009.0,PL LEJ,2009,17902,GCoMEC:v2
GCoMEC:PL MSL:2009.0,PL MSL,2009,59211,GCoMEC:v2
GCoMEC:PL PIA:2014.0,PL PIA,2014,616683,GCoMEC:v2
GCoMEC:PL PLO:2014.0,PL PLO,2014,533503,GCoMEC:v2
GCoMEC:PL SOP:2018.0,PL SOP,2018,313306,GCoMEC:v2
GCoMEC:PL TOR:2011.0,PL TOR,2011,813898,GCoMEC:v2
GCoMEC:PL WLA:2011.0,PL WLA,2011,155418,GCoMEC:v2
GCoMEC:PL WRO:2015.0,PL WRO,2015,1992183,GCoMEC:v2
GCoMEC:PL WWE:2009.0,PL WWE,2009,43192,GCoMEC:v2
GCoMEC:PL ZYK:2009.0,PL ZYK,2009,28033,GCoMEC:v2
GCoMEC:PT ABT:2013.0,PT ABT,2013,136506,GCoMEC:v2
GCoMEC:PT AGU:2013.0,PT AGU,2013,262883,GCoMEC:v2
GCoMEC:PT ALM:2013.0,PT ALM,2013,291735,GCoMEC:v2
GCoMEC:PT ALT:2014.0,PT ALT,2014,4251,GCoMEC:v2
GCoMEC:PT ANA:2019.0,PT ANA,2019,86757,GCoMEC:v2
GCoMEC:PT ARM:2015.0,PT ARM,2015,23762,GCoMEC:v2
GCoMEC:PT AVS:2011.0,PT AVS,2011,3126,GCoMEC:v2
GCoMEC:PT AVV:2015.0,PT AVV,2015,78902,GCoMEC:v2
GCoMEC:PT AVZ:2015.0,PT AVZ,2015,30128,GCoMEC:v2
GCoMEC:PT BRO:2013.0,PT BRO,2013,272667,GCoMEC:v2
GCoMEC:PT BTS:2017.0,PT BTS,2017,4568,GCoMEC:v2
GCoMEC:PT CAM:2014.0,PT CAM,2014,30232,GCoMEC:v2
GCoMEC:PT CBS:2013.0,PT CBS,2013,67912,GCoMEC:v2
GCoMEC:PT EPS:2018.0,PT EPS,2018,108005,GCoMEC:v2
GCoMEC:PT EVR:2013.0,PT EVR,2013,230263,GCoMEC:v2
GCoMEC:PT FEC:2015.0,PT FEC,2015,17802,GCoMEC:v2
GCoMEC:PT FFE:2013.0,PT FFE,2013,213644,GCoMEC:v2
GCoMEC:PT GDA:2013.0,PT GDA,2013,121447,GCoMEC:v2
GCoMEC:PT GUI:2016.0,PT GUI,2016,453100,GCoMEC:v2
GCoMEC:PT ILH:2015.0,PT ILH,2015,129035,GCoMEC:v2
GCoMEC:PT LMG:2015.0,PT LMG,2015,121707,GCoMEC:v2
GCoMEC:PT MAT:2013.0,PT MAT,2013,971067,GCoMEC:v2
GCoMEC:PT MBR:2015.0,PT MBR,2015,34958,GCoMEC:v2
GCoMEC:PT MLG:2015.0,PT MLG,2015,13944,GCoMEC:v2
GCoMEC:PT MNO:2015.0,PT MNO,2015,41868,GCoMEC:v2
GCoMEC:PT MOC:2012.0,PT MOC,2012,24972,GCoMEC:v2
GCoMEC:PT MRA:2012.0,PT MRA,2012,24972,GCoMEC:v2
GCoMEC:PT MRV:2011.0,PT MRV,2011,2006,GCoMEC:v2
GCoMEC:PT MSF:2015.0,PT MSF,2015,10435,GCoMEC:v2
GCoMEC:PT MTA:2013.0,PT MTA,2013,99254,GCoMEC:v2
GCoMEC:PT MTL:2017.0,PT MTL,2017,23311,GCoMEC:v2
GCoMEC:PT MUR:2015.0,PT MUR,2015,17259,GCoMEC:v2
GCoMEC:PT OEI:2017.0,PT OEI,2017,492863,GCoMEC:v2
GCoMEC:PT OLI:2015.0,PT OLI,2015,71037,GCoMEC:v2
GCoMEC:PT OPO:2015.0,PT OPO,2015,1013107,GCoMEC:v2
GCoMEC:PT OVA:2013.0,PT OVA,2013,240530,GCoMEC:v2
GCoMEC:PT PER:2011.0,PT PER,2011,14699,GCoMEC:v2
GCoMEC:PT PGA:2015.0,PT PGA,2015,64173,GCoMEC:v2
GCoMEC:PT PND:2015.0,PT PND,2015,8305,GCoMEC:v2
GCoMEC:PT PTB:2015.0,PT PTB,2015,21678,GCoMEC:v2
GCoMEC:PT SBR:2015.0,PT SBR,2015,17335,GCoMEC:v2
GCoMEC:PT SEI:2015.0,PT SEI,2015,242298,GCoMEC:v2
GCoMEC:PT SJP:2015.0,PT SJP,2015,35082,GCoMEC:v2
GCoMEC:PT SMP:2015.0,PT SMP,2015,31693,GCoMEC:v2
GCoMEC:PT SNT:2014.0,PT SNT,2014,255821,GCoMEC:v2
GCoMEC:PT SPA:2012.0,PT SPA,2012,21116,GCoMEC:v2
GCoMEC:PT SRL:2015.0,PT SRL,2015,18377,GCoMEC:v2
GCoMEC:PT SRT:2013.0,PT SRT,2013,65993,GCoMEC:v2
GCoMEC:PT STA:2016.0,PT STA,2016,914648,GCoMEC:v2
GCoMEC:PT TBC:2015.0,PT TBC,2015,12508,GCoMEC:v2
GCoMEC:PT TMC:2015.0,PT TMC,2015,26569,GCoMEC:v2
GCoMEC:PT TRC:2015.0,PT TRC,2015,22994,GCoMEC:v2
GCoMEC:PT VDC:2011.0,PT VDC,2011,227313,GCoMEC:v2
GCoMEC:PT VDN:2015.0,PT VDN,2015,37150,GCoMEC:v2
GCoMEC:PT VGS:2015.0,PT VGS,2015,63107,GCoMEC:v2
GCoMEC:PT VLN:2014.0,PT VLN,2014,39474,GCoMEC:v2
GCoMEC:PT VNG:2011.0,PT VNG,2011,1115218,GCoMEC:v2
GCoMEC:PT VPA:2010.0,PT VPA,2010,801,GCoMEC:v2
GCoMEC:PT VSE:2009.0,PT VSE,2009,425738,GCoMEC:v2
GCoMEC:RO AID:2009.0,RO AID,2009,42809,GCoMEC:v2
GCoMEC:RO ALI:2018.0,RO ALI,2018,190371,GCoMEC:v2
GCoMEC:RO ARW:2013.0,RO ARW,2013,854694,GCoMEC:v2
GCoMEC:RO BIT:2018.0,RO BIT,2018,215935,GCoMEC:v2
GCoMEC:RO BRV:2014.0,RO BRV,2014,540189,GCoMEC:v2
GCoMEC:RO CAS:2008.0,RO CAS,2008,151086,GCoMEC:v2
GCoMEC:RO DVA:2018.0,RO DVA,2018,246389,GCoMEC:v2
GCoMEC:RO FGA:2015.0,RO FGA,2015,73747,GCoMEC:v2
GCoMEC:RO MNI:2016.0,RO MNI,2016,46279,GCoMEC:v2
GCoMEC:RO VLI:2018.0,RO VLI,2018,94859,GCoMEC:v2
GCoMEC:RO ZAU:2018.0,RO ZAU,2018,166207,GCoMEC:v2
GCoMEC:RO ZTA:2015.0,RO ZTA,2015,17404,GCoMEC:v2
GCoMEC:SE ALV:2012.0,SE ALV,2012,44184,GCoMEC:v2
GCoMEC:SE BKY:2012.0,SE BKY,2012,164094,GCoMEC:v2
GCoMEC:SE BOD:2015.0,SE BOD,2015,117961,GCoMEC:v2
GCoMEC:SE FIN:2011.0,SE FIN,2011,62254,GCoMEC:v2
GCoMEC:SE GIS:2012.0,SE GIS,2012,104019,GCoMEC:v2
GCoMEC:SE HAD:2013.0,SE HAD,2013,414758,GCoMEC:v2
GCoMEC:SE HEL:2016.0,SE HEL,2016,428771,GCoMEC:v2
GCoMEC:SE HNE:2012.0,SE HNE,2012,183376,GCoMEC:v2
GCoMEC:SE HNI:2012.0,SE HNI,2012,183376,GCoMEC:v2
GCoMEC:SE IDJ:2013.0,SE IDJ,2013,244903,GCoMEC:v2
GCoMEC:SE JKG:2014.0,SE JKG,2014,563953,GCoMEC:v2
GCoMEC:SE JOK:2013.0,SE JOK,2013,34663,GCoMEC:v2
GCoMEC:SE KAA:2008.0,SE KAA,2008,245419,GCoMEC:v2
GCoMEC:SE KID:2014.0,SE KID,2014,179544,GCoMEC:v2
GCoMEC:SE KSD:2013.0,SE KSD,2013,282399,GCoMEC:v2
GCoMEC:SE KUA:2018.0,SE KUA,2018,127509,GCoMEC:v2
GCoMEC:SE LDK:2008.0,SE LDK,2008,177761,GCoMEC:v2
GCoMEC:SE LEO:2014.0,SE LEO,2014,11042,GCoMEC:v2
GCoMEC:SE LJY:2018.0,SE LJY,2018,194695,GCoMEC:v2
GCoMEC:SE LLA:2016.0,SE LLA,2016,283786,GCoMEC:v2
GCoMEC:SE LUD:2012.0,SE LUD,2012,265055,GCoMEC:v2
GCoMEC:SE LYC:2008.0,SE LYC,2008,99754,GCoMEC:v2
GCoMEC:SE OSK:2014.0,SE OSK,2014,89321,GCoMEC:v2
GCoMEC:SE PIT:2013.0,SE PIT,2013,225620,GCoMEC:v2
GCoMEC:SE RNB:2015.0,SE RNB,2015,67381,GCoMEC:v2
GCoMEC:SE SJQ:2008.0,SE SJQ,2008,62629,GCoMEC:v2
GCoMEC:SE SOE:2013.0,SE SOE,2013,244903,GCoMEC:v2
GCoMEC:SE STO:2012.0,SE STO,2012,2256930,GCoMEC:v2
GCoMEC:SE THN:2012.0,SE THN,2012,314041,GCoMEC:v2
GCoMEC:SE TYS:2008.0,SE TYS,2008,71593,GCoMEC:v2
GCoMEC:SE UME:2011.0,SE UME,2011,270787,GCoMEC:v2
GCoMEC:SE VST:2012.0,SE VST,2012,616307,GCoMEC:v2
GCoMEC:SE VXO:2017.0,SE VXO,2017,258563,GCoMEC:v2
GCoMEC:SI LJR:2016.0,SI LJR,2016,50567,GCoMEC:v2
GCoMEC:SI VEL:2016.0,SI VEL,2016,123152,GCoMEC:v2
GCoMEC:SK NRA:2015.0,SK NRA,2015,223995,GCoMEC:v2
GCoMEC:TR BTZ:2016.0,TR BTZ,2016,7810740,GCoMEC:v2
GCoMEC:TR NIL:2017.0,TR NIL,2017,670461,GCoMEC:v2
GCoMEC:UA CHR:2017.0,UA CHR,2017,460814,GCoMEC:v2
GCoMEC:UA DOL:2016.0,UA DOL,2016,71380,GCoMEC:v2
GCoMEC:UA KTP:2017.0,UA KTP,2017,237927,GCoMEC:v2
GCoMEC:UA RIV:2019.0,UA RIV,2019,442674,GCoMEC:v2
GCoMEC:UA TRU:2018.0,UA TRU,2018,3349,GCoMEC:v2
GCoMEC:UA UCK:2017.0,UA UCK,2017,606939,GCoMEC:v2
GCoMEC:UA ZUN:2015.0,UA ZUN,2015,85426,GCoMEC:v2
GCoMEC:UA ZUX:2017.0,UA ZUX,2017,294884,GCoMEC:v2
