"total_emissions","year","data_source"
11424724,2017,"CDPCities2021Targets"
16408065,2010,"CDPCities2021Targets"
21200000,1990,"CDPCities2021Targets"
NA,NA,"CDPCities2021Targets"
NA,NA,"CDPCities2021Targets"
2141277,2007,"CDPCities2021Targets"
16911,2018,"CDPCities2021Targets"
NA,NA,"CDPCities2021Targets"
18246963,2005,"CDPCities2021Targets"
NA,NA,"CDPCities2021Targets"
7908000,2013,"CDPCities2021Targets"
880044,2016,"CDPCities2021Targets"
NA,NA,"CDPCities2021Targets"
1328610,2018,"CDPCities2021Targets"
364240,2017,"CDPCities2021Targets"
670000,1990,"CDPCities2021Targets"
41200000,2005,"CDPCities2021Targets"
NA,NA,"CDPCities2021Targets"
NA,NA,"CDPCities2021Targets"
163625,2007,"CDPCities2021Targets"
NA,NA,"CDPCities2021Targets"
22491,2011,"CDPCities2021Targets"
4047000,2005,"CDPCities2021Targets"
381000,1990,"CDPCities2021Targets"
NA,NA,"CDPCities2021Targets"
45050000,1990,"CDPCities2021Targets"
NA,NA,"CDPCities2021Targets"
541093,2009,"CDPCities2021Targets"
408000,1990,"CDPCities2021Targets"
1653000,2005,"CDPCities2021Targets"
NA,NA,"CDPCities2021Targets"
NA,2019,"CDPCities2021Targets"
372176,2010,"CDPCities2021Targets"
180102.07,2014,"CDPCities2021Targets"
NA,NA,"CDPCities2021Targets"
2913413,2005,"CDPCities2021Targets"
NA,NA,"CDPCities2021Targets"
NA,NA,"CDPCities2021Targets"
NA,NA,"CDPCities2021Targets"
329876,1990,"CDPCities2021Targets"
3537000,2013,"CDPCities2021Targets"
NA,NA,"CDPCities2021Targets"
6415,2016,"CDPCities2021Targets"
49445000,2005,"CDPCities2021Targets"
2326122,2005,"CDPCities2021Targets"
NA,NA,"CDPCities2021Targets"
55422500,2013,"CDPCities2021Targets"
NA,NA,"CDPCities2021Targets"
459189,1993,"CDPCities2021Targets"
299,2008,"CDPCities2021Targets"
185,2019,"CDPCities2021Targets"
443693,2010,"CDPCities2021Targets"
7451000,2017,"CDPCities2021Targets"
NA,NA,"CDPCities2021Targets"
61062452,2005,"CDPCities2021Targets"
NA,2010,"CDPCities2021Targets"
5724.6,2013,"CDPCities2021Targets"
26918798,2010,"CDPCities2021Targets"
520715,2010,"CDPCities2021Targets"
NA,NA,"CDPCities2021Targets"
8570441,2007,"CDPCities2021Targets"
692000,2018,"CDPCities2021Targets"
NA,NA,"CDPCities2021Targets"
2100231,2016,"CDPCities2021Targets"
492000,2013,"CDPCities2021Targets"
618504,1990,"CDPCities2021Targets"
1081173,2016,"CDPCities2021Targets"
NA,NA,"CDPCities2021Targets"
1986480,2005,"CDPCities2021Targets"
1900,2012,"CDPCities2021Targets"
NA,NA,"CDPCities2021Targets"
5.23,2019,"CDPCities2021Targets"
NA,NA,"CDPCities2021Targets"
27573,2018,"CDPCities2021Targets"
NA,NA,"CDPCities2021Targets"
1462236,2012,"CDPCities2021Targets"
NA,NA,"CDPCities2021Targets"
NA,NA,"CDPCities2021Targets"
NA,NA,"CDPCities2021Targets"
459000,2012,"CDPCities2021Targets"
1948123,2016,"CDPCities2021Targets"
NA,NA,"CDPCities2021Targets"
17889000,2017,"CDPCities2021Targets"
NA,NA,"CDPCities2021Targets"
NA,NA,"CDPCities2021Targets"
NA,NA,"CDPCities2021Targets"
67372856,2005,"CDPCities2021Targets"
NA,NA,"CDPCities2021Targets"
1059700,2013,"CDPCities2021Targets"
271386,2017,"CDPCities2021Targets"
204104,2016,"CDPCities2021Targets"
49279,2006,"CDPCities2021Targets"
1076351,1990,"CDPCities2021Targets"
1323755,2012,"CDPCities2021Targets"
3505046,2016,"CDPCities2021Targets"
1225000,2010,"CDPCities2021Targets"
383293,2011,"CDPCities2021Targets"
NA,NA,"CDPCities2021Targets"
NA,NA,"CDPCities2021Targets"
3521100,2013,"CDPCities2021Targets"
2663901.43,2016,"CDPCities2021Targets"
13073632,2005,"CDPCities2021Targets"
NA,NA,"CDPCities2021Targets"
325000,2006,"CDPCities2021Targets"
NA,NA,"CDPCities2021Targets"
NA,NA,"CDPCities2021Targets"
270041,2017,"CDPCities2021Targets"
NA,NA,"CDPCities2021Targets"
NA,NA,"CDPCities2021Targets"
NA,NA,"CDPCities2021Targets"
NA,NA,"CDPCities2021Targets"
18090000,2019,"CDPCities2021Targets"
NA,NA,"CDPCities2021Targets"
NA,2016,"CDPCities2021Targets"
255000,2005,"CDPCities2021Targets"
3852171,2014,"CDPCities2021Targets"
2519980,2005,"CDPCities2021Targets"
41200000,2005,"CDPCities2021Targets"
16477,2010,"CDPCities2021Targets"
NA,NA,"CDPCities2021Targets"
18581188,2005,"CDPCities2021Targets"
2267961,2000,"CDPCities2021Targets"
NA,NA,"CDPCities2021Targets"
622,2013,"CDPCities2021Targets"
NA,NA,"CDPCities2021Targets"
19945,2000,"CDPCities2021Targets"
NA,NA,"CDPCities2021Targets"
23793.25,2018,"CDPCities2021Targets"
425771,2013,"CDPCities2021Targets"
NA,NA,"CDPCities2021Targets"
18177,2005,"CDPCities2021Targets"
NA,NA,"CDPCities2021Targets"
NA,NA,"CDPCities2021Targets"
499740,2007,"CDPCities2021Targets"
270041,2017,"CDPCities2021Targets"
NA,NA,"CDPCities2021Targets"
NA,2017,"CDPCities2021Targets"
385172,2002,"CDPCities2021Targets"
8913.75,2018,"CDPCities2021Targets"
NA,NA,"CDPCities2021Targets"
NA,NA,"CDPCities2021Targets"
762776.35,2018,"CDPCities2021Targets"
11.5,2018,"CDPCities2021Targets"
NA,NA,"CDPCities2021Targets"
NA,NA,"CDPCities2021Targets"
NA,NA,"CDPCities2021Targets"
1040500,2013,"CDPCities2021Targets"
NA,NA,"CDPCities2021Targets"
NA,NA,"CDPCities2021Targets"
NA,NA,"CDPCities2021Targets"
NA,NA,"CDPCities2021Targets"
NA,NA,"CDPCities2021Targets"
463200,1990,"CDPCities2021Targets"
NA,NA,"CDPCities2021Targets"
3.94,2020,"CDPCities2021Targets"
NA,NA,"CDPCities2021Targets"
618504,1990,"CDPCities2021Targets"
NA,NA,"CDPCities2021Targets"
NA,NA,"CDPCities2021Targets"
NA,NA,"CDPCities2021Targets"
23087326,2006,"CDPCities2021Targets"
NA,NA,"CDPCities2021Targets"
NA,NA,"CDPCities2021Targets"
NA,NA,"CDPCities2021Targets"
5861,2009,"CDPCities2021Targets"
321129,2003,"CDPCities2021Targets"
11300000,2005,"CDPCities2021Targets"
18320,2010,"CDPCities2021Targets"
2777,2007,"CDPCities2021Targets"
NA,NA,"CDPCities2021Targets"
34518526,2013,"CDPCities2021Targets"
1529973,2018,"CDPCities2021Targets"
NA,NA,"CDPCities2021Targets"
54645,2017,"CDPCities2021Targets"
4790365.61,2016,"CDPCities2021Targets"
167.22,2017,"CDPCities2021Targets"
1386640,1990,"CDPCities2021Targets"
243971,2006,"CDPCities2021Targets"
NA,NA,"CDPCities2021Targets"
4943904,2009,"CDPCities2021Targets"
939440,2017,"CDPCities2021Targets"
NA,NA,"CDPCities2021Targets"
108493,1990,"CDPCities2021Targets"
1979524,1990,"CDPCities2021Targets"
NA,NA,"CDPCities2021Targets"
1830275,2006,"CDPCities2021Targets"
NA,NA,"CDPCities2021Targets"
NA,NA,"CDPCities2021Targets"
NA,NA,"CDPCities2021Targets"
13107.05,2018,"CDPCities2021Targets"
2843955,2006,"CDPCities2021Targets"
2285663,1990,"CDPCities2021Targets"
NA,NA,"CDPCities2021Targets"
2227000,2013,"CDPCities2021Targets"
NA,NA,"CDPCities2021Targets"
55500,2005,"CDPCities2021Targets"
NA,NA,"CDPCities2021Targets"
NA,NA,"CDPCities2021Targets"
NA,NA,"CDPCities2021Targets"
NA,NA,"CDPCities2021Targets"
3708000,2008,"CDPCities2021Targets"
2673085,2017,"CDPCities2021Targets"
18176.98,2005,"CDPCities2021Targets"
3521100,2013,"CDPCities2021Targets"
NA,NA,"CDPCities2021Targets"
158550,2017,"CDPCities2021Targets"
17133,2018,"CDPCities2021Targets"
23087326,2006,"CDPCities2021Targets"
NA,1990,"CDPCities2021Targets"
170020,2018,"CDPCities2021Targets"
NA,NA,"CDPCities2021Targets"
133808,2013,"CDPCities2021Targets"
2018,2018,"CDPCities2021Targets"
NA,NA,"CDPCities2021Targets"
3440000,1990,"CDPCities2021Targets"
1437269,2014,"CDPCities2021Targets"
20913958,2016,"CDPCities2021Targets"
850000,2008,"CDPCities2021Targets"
NA,NA,"CDPCities2021Targets"
NA,NA,"CDPCities2021Targets"
NA,NA,"CDPCities2021Targets"
NA,NA,"CDPCities2021Targets"
NA,NA,"CDPCities2021Targets"
NA,NA,"CDPCities2021Targets"
618504,1990,"CDPCities2021Targets"
NA,NA,"CDPCities2021Targets"
NA,NA,"CDPCities2021Targets"
692000,1990,"CDPCities2021Targets"
117779,2012,"CDPCities2021Targets"
NA,NA,"CDPCities2021Targets"
NA,NA,"CDPCities2021Targets"
NA,NA,"CDPCities2021Targets"
259581,2009,"CDPCities2021Targets"
NA,NA,"CDPCities2021Targets"
NA,NA,"CDPCities2021Targets"
NA,NA,"CDPCities2021Targets"
4350000,1990,"CDPCities2021Targets"
NA,2018,"CDPCities2021Targets"
NA,NA,"CDPCities2021Targets"
NA,NA,"CDPCities2021Targets"
5067000,2005,"CDPCities2021Targets"
NA,NA,"CDPCities2021Targets"
NA,2008,"CDPCities2021Targets"
NA,NA,"CDPCities2021Targets"
174570438,2005,"CDPCities2021Targets"
NA,NA,"CDPCities2021Targets"
372176,2010,"CDPCities2021Targets"
NA,NA,"CDPCities2021Targets"
NA,2013,"CDPCities2021Targets"
NA,NA,"CDPCities2021Targets"
3810000,1990,"CDPCities2021Targets"
172363.57,2017,"CDPCities2021Targets"
NA,NA,"CDPCities2021Targets"
122081,1990,"CDPCities2021Targets"
4632700,2013,"CDPCities2021Targets"
NA,NA,"CDPCities2021Targets"
7908000,2013,"CDPCities2021Targets"
21637,2019,"CDPCities2021Targets"
657900,2014,"CDPCities2021Targets"
232922,2013,"CDPCities2021Targets"
7434910,2016,"CDPCities2021Targets"
NA,NA,"CDPCities2021Targets"
3810000,1990,"CDPCities2021Targets"
NA,NA,"CDPCities2021Targets"
55500,2005,"CDPCities2021Targets"
NA,NA,"CDPCities2021Targets"
5,2008,"CDPCities2021Targets"
6143602,2017,"CDPCities2021Targets"
3440000,1990,"CDPCities2021Targets"
125897,2018,"CDPCities2021Targets"
4091231,2002,"CDPCities2021Targets"
1703651,2015,"CDPCities2021Targets"
2040,2017,"CDPCities2021Targets"
NA,NA,"CDPCities2021Targets"
9037646,1990,"CDPCities2021Targets"
NA,NA,"CDPCities2021Targets"
NA,1999,"CDPCities2021Targets"
781676.49,2016,"CDPCities2021Targets"
NA,NA,"CDPCities2021Targets"
NA,NA,"CDPCities2021Targets"
130641.43,2017,"CDPCities2021Targets"
2663901.43,2016,"CDPCities2021Targets"
368368,2011,"CDPCities2021Targets"
NA,NA,"CDPCities2021Targets"
NA,NA,"CDPCities2021Targets"
12453.65,2019,"CDPCities2021Targets"
NA,NA,"CDPCities2021Targets"
8625,2018,"CDPCities2021Targets"
256401,2018,"CDPCities2021Targets"
NA,NA,"CDPCities2021Targets"
2015,2015,"CDPCities2021Targets"
NA,NA,"CDPCities2021Targets"
404779,2010,"CDPCities2021Targets"
7503,2002,"CDPCities2021Targets"
8232919,2019,"CDPCities2021Targets"
NA,NA,"CDPCities2021Targets"
NA,NA,"CDPCities2021Targets"
1144460,2013,"CDPCities2021Targets"
NA,NA,"CDPCities2021Targets"
17191915,2016,"CDPCities2021Targets"
2605000,2005,"CDPCities2021Targets"
NA,NA,"CDPCities2021Targets"
NA,NA,"CDPCities2021Targets"
NA,NA,"CDPCities2021Targets"
NA,NA,"CDPCities2021Targets"
23087326,2006,"CDPCities2021Targets"
904666,2015,"CDPCities2021Targets"
461000,2005,"CDPCities2021Targets"
415408,2008,"CDPCities2021Targets"
27266,2009,"CDPCities2021Targets"
NA,NA,"CDPCities2021Targets"
198000,2012,"CDPCities2021Targets"
34518526,2013,"CDPCities2021Targets"
NA,NA,"CDPCities2021Targets"
7418000,2005,"CDPCities2021Targets"
541000,2009,"CDPCities2021Targets"
104728.61,2016,"CDPCities2021Targets"
1900000,2014,"CDPCities2021Targets"
23087326,2006,"CDPCities2021Targets"
16000537,2016,"CDPCities2021Targets"
NA,NA,"CDPCities2021Targets"
NA,NA,"CDPCities2021Targets"
1121130,2004,"CDPCities2021Targets"
NA,NA,"CDPCities2021Targets"
29249,2018,"CDPCities2021Targets"
NA,NA,"CDPCities2021Targets"
NA,NA,"CDPCities2021Targets"
86709.31,2018,"CDPCities2021Targets"
NA,NA,"CDPCities2021Targets"
NA,NA,"CDPCities2021Targets"
134010,2019,"CDPCities2021Targets"
NA,NA,"CDPCities2021Targets"
656000,2013,"CDPCities2021Targets"
6893,2010,"CDPCities2021Targets"
4128182,2005,"CDPCities2021Targets"
NA,NA,"CDPCities2021Targets"
NA,NA,"CDPCities2021Targets"
NA,NA,"CDPCities2021Targets"
NA,NA,"CDPCities2021Targets"
NA,NA,"CDPCities2021Targets"
NA,NA,"CDPCities2021Targets"
605896,2016,"CDPCities2021Targets"
NA,NA,"CDPCities2021Targets"
25427,2010,"CDPCities2021Targets"
NA,NA,"CDPCities2021Targets"
NA,NA,"CDPCities2021Targets"
1057119,2001,"CDPCities2021Targets"
NA,NA,"CDPCities2021Targets"
NA,NA,"CDPCities2021Targets"
NA,NA,"CDPCities2021Targets"
1032000,1990,"CDPCities2021Targets"
234752,2010,"CDPCities2021Targets"
NA,NA,"CDPCities2021Targets"
NA,NA,"CDPCities2021Targets"
1900,2012,"CDPCities2021Targets"
NA,NA,"CDPCities2021Targets"
NA,NA,"CDPCities2021Targets"
NA,NA,"CDPCities2021Targets"
4673758.81,2016,"CDPCities2021Targets"
312033,2007,"CDPCities2021Targets"
826270.21,2016,"CDPCities2021Targets"
341262,2005,"CDPCities2021Targets"
NA,NA,"CDPCities2021Targets"
NA,2015,"CDPCities2021Targets"
NA,NA,"CDPCities2021Targets"
NA,NA,"CDPCities2021Targets"
NA,NA,"CDPCities2021Targets"
NA,NA,"CDPCities2021Targets"
NA,NA,"CDPCities2021Targets"
NA,NA,"CDPCities2021Targets"
NA,NA,"CDPCities2021Targets"
NA,NA,"CDPCities2021Targets"
NA,NA,"CDPCities2021Targets"
NA,NA,"CDPCities2021Targets"
998689,2016,"CDPCities2021Targets"
NA,NA,"CDPCities2021Targets"
NA,2015,"CDPCities2021Targets"
7723439,2018,"CDPCities2021Targets"
12457,2018,"CDPCities2021Targets"
3010166,2016,"CDPCities2021Targets"
30840051.55,2005,"CDPCities2021Targets"
NA,2010,"CDPCities2021Targets"
NA,NA,"CDPCities2021Targets"
NA,NA,"CDPCities2021Targets"
1927,2018,"CDPCities2021Targets"
NA,NA,"CDPCities2021Targets"
NA,NA,"CDPCities2021Targets"
NA,NA,"CDPCities2021Targets"
6960000,2013,"CDPCities2021Targets"
5843189,2005,"CDPCities2021Targets"
NA,NA,"CDPCities2021Targets"
15702727,1990,"CDPCities2021Targets"
201008,2017,"CDPCities2021Targets"
NA,NA,"CDPCities2021Targets"
NA,NA,"CDPCities2021Targets"
8.05,2016,"CDPCities2021Targets"
1304,2004,"CDPCities2021Targets"
NA,NA,"CDPCities2021Targets"
1819311,2011,"CDPCities2021Targets"
NA,NA,"CDPCities2021Targets"
1055513,2008,"CDPCities2021Targets"
NA,NA,"CDPCities2021Targets"
NA,NA,"CDPCities2021Targets"
385000,2011,"CDPCities2021Targets"
585826,2005,"CDPCities2021Targets"
NA,NA,"CDPCities2021Targets"
2040,2017,"CDPCities2021Targets"
12984993,2010,"CDPCities2021Targets"
NA,NA,"CDPCities2021Targets"
2405522,2015,"CDPCities2021Targets"
830500,2013,"CDPCities2021Targets"
65,2030,"CDPCities2021Targets"
NA,NA,"CDPCities2021Targets"
459309,2011,"CDPCities2021Targets"
3542130,2005,"CDPCities2021Targets"
7166000,2017,"CDPCities2021Targets"
923868.22,2018,"CDPCities2021Targets"
1174000,1990,"CDPCities2021Targets"
58.9,2016,"CDPCities2021Targets"
10829.64,2006,"CDPCities2021Targets"
1462236,2012,"CDPCities2021Targets"
NA,NA,"CDPCities2021Targets"
163625,2007,"CDPCities2021Targets"
NA,NA,"CDPCities2021Targets"
NA,NA,"CDPCities2021Targets"
8014366,2016,"CDPCities2021Targets"
NA,NA,"CDPCities2021Targets"
NA,NA,"CDPCities2021Targets"
1167000,2019,"CDPCities2021Targets"
NA,NA,"CDPCities2021Targets"
NA,NA,"CDPCities2021Targets"
NA,NA,"CDPCities2021Targets"
13073632,2005,"CDPCities2021Targets"
1310000,2014,"CDPCities2021Targets"
10535018,2006,"CDPCities2021Targets"
NA,NA,"CDPCities2021Targets"
NA,NA,"CDPCities2021Targets"
NA,NA,"CDPCities2021Targets"
12516977,2010,"CDPCities2021Targets"
1230000,2013,"CDPCities2021Targets"
2600836,2005,"CDPCities2021Targets"
1057119,2001,"CDPCities2021Targets"
2519980,2005,"CDPCities2021Targets"
2796050,2008,"CDPCities2021Targets"
NA,NA,"CDPCities2021Targets"
NA,NA,"CDPCities2021Targets"
2.1e+07,2016,"CDPCities2021Targets"
NA,NA,"CDPCities2021Targets"
459189,1993,"CDPCities2021Targets"
5379024,2011,"CDPCities2021Targets"
NA,NA,"CDPCities2021Targets"
NA,2020,"CDPCities2021Targets"
NA,NA,"CDPCities2021Targets"
NA,NA,"CDPCities2021Targets"
NA,NA,"CDPCities2021Targets"
NA,NA,"CDPCities2021Targets"
6033,2006,"CDPCities2021Targets"
999900,2010,"CDPCities2021Targets"
1304,2004,"CDPCities2021Targets"
465879,2015,"CDPCities2021Targets"
NA,NA,"CDPCities2021Targets"
NA,NA,"CDPCities2021Targets"
25244177,1990,"CDPCities2021Targets"
120800,1990,"CDPCities2021Targets"
59000,2017,"CDPCities2021Targets"
1071000,1990,"CDPCities2021Targets"
50000,2017,"CDPCities2021Targets"
NA,NA,"CDPCities2021Targets"
4590,2014,"CDPCities2021Targets"
NA,NA,"CDPCities2021Targets"
NA,NA,"CDPCities2021Targets"
6500,2019,"CDPCities2021Targets"
NA,NA,"CDPCities2021Targets"
1600062,2014,"CDPCities2021Targets"
12252425,2014,"CDPCities2021Targets"
830500,2013,"CDPCities2021Targets"
5462466,2016,"CDPCities2021Targets"
9931.2,2018,"CDPCities2021Targets"
NA,NA,"CDPCities2021Targets"
NA,NA,"CDPCities2021Targets"
NA,2005,"CDPCities2021Targets"
2.1e+07,2006,"CDPCities2021Targets"
NA,NA,"CDPCities2021Targets"
NA,NA,"CDPCities2021Targets"
NA,NA,"CDPCities2021Targets"
7400000,2004,"CDPCities2021Targets"
1829000,2013,"CDPCities2021Targets"
1159000,1990,"CDPCities2021Targets"
NA,NA,"CDPCities2021Targets"
NA,NA,"CDPCities2021Targets"
NA,NA,"CDPCities2021Targets"
NA,NA,"CDPCities2021Targets"
NA,NA,"CDPCities2021Targets"
368368,2011,"CDPCities2021Targets"
NA,NA,"CDPCities2021Targets"
146611,2008,"CDPCities2021Targets"
380471,2004,"CDPCities2021Targets"
NA,NA,"CDPCities2021Targets"
1557.97,2019,"CDPCities2021Targets"
33414134,2014,"CDPCities2021Targets"
1870,2016,"CDPCities2021Targets"
NA,2014,"CDPCities2021Targets"
NA,NA,"CDPCities2021Targets"
NA,NA,"CDPCities2021Targets"
NA,NA,"CDPCities2021Targets"
2499000,1990,"CDPCities2021Targets"
NA,NA,"CDPCities2021Targets"
1008657,2012,"CDPCities2021Targets"
804961,2017,"CDPCities2021Targets"
NA,NA,"CDPCities2021Targets"
2447746,2007,"CDPCities2021Targets"
NA,NA,"CDPCities2021Targets"
NA,NA,"CDPCities2021Targets"
5000,2019,"CDPCities2021Targets"
24175,2019,"CDPCities2021Targets"
896610,2017,"CDPCities2021Targets"
NA,NA,"CDPCities2021Targets"
5987870,2003,"CDPCities2021Targets"
25565.32,2018,"CDPCities2021Targets"
NA,2005,"CDPCities2021Targets"
NA,2018,"CDPCities2021Targets"
NA,NA,"CDPCities2021Targets"
NA,NA,"CDPCities2021Targets"
233059,2019,"CDPCities2021Targets"
NA,2015,"CDPCities2021Targets"
NA,NA,"CDPCities2021Targets"
460733,2016,"CDPCities2021Targets"
733302,2008,"CDPCities2021Targets"
NA,NA,"CDPCities2021Targets"
NA,NA,"CDPCities2021Targets"
NA,NA,"CDPCities2021Targets"
NA,NA,"CDPCities2021Targets"
20863.56,2018,"CDPCities2021Targets"
6907000,2012,"CDPCities2021Targets"
151493.21,2017,"CDPCities2021Targets"
7500000,2016,"CDPCities2021Targets"
14884.71,2006,"CDPCities2021Targets"
NA,NA,"CDPCities2021Targets"
1658939,2000,"CDPCities2021Targets"
380471,2004,"CDPCities2021Targets"
243000,1990,"CDPCities2021Targets"
NA,NA,"CDPCities2021Targets"
NA,NA,"CDPCities2021Targets"
1030237.97,2018,"CDPCities2021Targets"
NA,NA,"CDPCities2021Targets"
12516977,2010,"CDPCities2021Targets"
NA,NA,"CDPCities2021Targets"
86393,2018,"CDPCities2021Targets"
NA,NA,"CDPCities2021Targets"
7659000,2015,"CDPCities2021Targets"
4934746,2013,"CDPCities2021Targets"
477000,2000,"CDPCities2021Targets"
528853,2019,"CDPCities2021Targets"
NA,2005,"CDPCities2021Targets"
233059,2019,"CDPCities2021Targets"
NA,NA,"CDPCities2021Targets"
2094868,2005,"CDPCities2021Targets"
NA,NA,"CDPCities2021Targets"
102736,1990,"CDPCities2021Targets"
4411407,2007,"CDPCities2021Targets"
75878.28,2017,"CDPCities2021Targets"
NA,NA,"CDPCities2021Targets"
2108797,2016,"CDPCities2021Targets"
NA,NA,"CDPCities2021Targets"
NA,NA,"CDPCities2021Targets"
NA,NA,"CDPCities2021Targets"
463200,1990,"CDPCities2021Targets"
NA,NA,"CDPCities2021Targets"
NA,NA,"CDPCities2021Targets"
NA,NA,"CDPCities2021Targets"
NA,NA,"CDPCities2021Targets"
2287,2010,"CDPCities2021Targets"
5322016,2005,"CDPCities2021Targets"
54944.8,2018,"CDPCities2021Targets"
1263946,2019,"CDPCities2021Targets"
7549508,1990,"CDPCities2021Targets"
2751878.9,2008,"CDPCities2021Targets"
NA,NA,"CDPCities2021Targets"
NA,NA,"CDPCities2021Targets"
2678.46,2010,"CDPCities2021Targets"
NA,NA,"CDPCities2021Targets"
5019947,2017,"CDPCities2021Targets"
1398700,2015,"CDPCities2021Targets"
338673,2010,"CDPCities2021Targets"
NA,NA,"CDPCities2021Targets"
NA,NA,"CDPCities2021Targets"
256000,2010,"CDPCities2021Targets"
574835,2007,"CDPCities2021Targets"
2714253,2011,"CDPCities2021Targets"
NA,NA,"CDPCities2021Targets"
NA,NA,"CDPCities2021Targets"
NA,NA,"CDPCities2021Targets"
NA,NA,"CDPCities2021Targets"
NA,NA,"CDPCities2021Targets"
NA,NA,"CDPCities2021Targets"
NA,2020,"CDPCities2021Targets"
NA,NA,"CDPCities2021Targets"
14319706,2018,"CDPCities2021Targets"
202227,2006,"CDPCities2021Targets"
NA,NA,"CDPCities2021Targets"
38090339,2017,"CDPCities2021Targets"
NA,NA,"CDPCities2021Targets"
2663901.43,2016,"CDPCities2021Targets"
NA,NA,"CDPCities2021Targets"
NA,NA,"CDPCities2021Targets"
963239,2009,"CDPCities2021Targets"
14702.26,2018,"CDPCities2021Targets"
936,2005,"CDPCities2021Targets"
190508795,2000,"CDPCities2021Targets"
46160000,2011,"CDPCities2021Targets"
383293,2011,"CDPCities2021Targets"
NA,NA,"CDPCities2021Targets"
144366,2010,"CDPCities2021Targets"
1900,2012,"CDPCities2021Targets"
205553,2017,"CDPCities2021Targets"
68924,2007,"CDPCities2021Targets"
55422500,2013,"CDPCities2021Targets"
NA,NA,"CDPCities2021Targets"
520023,2012,"CDPCities2021Targets"
288775.3,2018,"CDPCities2021Targets"
17907072,2013,"CDPCities2021Targets"
NA,NA,"CDPCities2021Targets"
NA,NA,"CDPCities2021Targets"
8e+05,2015,"CDPCities2021Targets"
NA,NA,"CDPCities2021Targets"
427280,1990,"CDPCities2021Targets"
6432,2018,"CDPCities2021Targets"
2499000,1990,"CDPCities2021Targets"
534000,2019,"CDPCities2021Targets"
NA,NA,"CDPCities2021Targets"
NA,NA,"CDPCities2021Targets"
NA,NA,"CDPCities2021Targets"
17350376,2016,"CDPCities2021Targets"
1887685,2015,"CDPCities2021Targets"
39873000,2006,"CDPCities2021Targets"
NA,NA,"CDPCities2021Targets"
NA,NA,"CDPCities2021Targets"
NA,NA,"CDPCities2021Targets"
1398700,2015,"CDPCities2021Targets"
NA,NA,"CDPCities2021Targets"
NA,NA,"CDPCities2021Targets"
2188363,2005,"CDPCities2021Targets"
7840000,2013,"CDPCities2021Targets"
14500000,2010,"CDPCities2021Targets"
793077,2005,"CDPCities2021Targets"
NA,NA,"CDPCities2021Targets"
NA,2005,"CDPCities2021Targets"
NA,NA,"CDPCities2021Targets"
79900,2013,"CDPCities2021Targets"
619578,2000,"CDPCities2021Targets"
780.25,2019,"CDPCities2021Targets"
NA,NA,"CDPCities2021Targets"
227885.32,2017,"CDPCities2021Targets"
11342945,2017,"CDPCities2021Targets"
NA,NA,"CDPCities2021Targets"
2219000,1990,"CDPCities2021Targets"
18210000,2013,"CDPCities2021Targets"
17959.2,2015,"CDPCities2021Targets"
33248711,1990,"CDPCities2021Targets"
412875,2007,"CDPCities2021Targets"
NA,NA,"CDPCities2021Targets"
NA,NA,"CDPCities2021Targets"
2285663,1990,"CDPCities2021Targets"
376300,2013,"CDPCities2021Targets"
NA,NA,"CDPCities2021Targets"
3505046,2016,"CDPCities2021Targets"
NA,NA,"CDPCities2021Targets"
1082891,2005,"CDPCities2021Targets"
2040,2017,"CDPCities2021Targets"
NA,NA,"CDPCities2021Targets"
NA,NA,"CDPCities2021Targets"
247659,2016,"CDPCities2021Targets"
NA,2017,"CDPCities2021Targets"
NA,NA,"CDPCities2021Targets"
2016,2016,"CDPCities2021Targets"
32225,2011,"CDPCities2021Targets"
NA,NA,"CDPCities2021Targets"
5178548,2015,"CDPCities2021Targets"
NA,NA,"CDPCities2021Targets"
NA,NA,"CDPCities2021Targets"
NA,NA,"CDPCities2021Targets"
2221,2007,"CDPCities2021Targets"
NA,NA,"CDPCities2021Targets"
13612.05,2017,"CDPCities2021Targets"
215977,2005,"CDPCities2021Targets"
2299923.1,2005,"CDPCities2021Targets"
NA,NA,"CDPCities2021Targets"
26098688,2010,"CDPCities2021Targets"
NA,NA,"CDPCities2021Targets"
18388429,2015,"CDPCities2021Targets"
583213,2008,"CDPCities2021Targets"
21566,2013,"CDPCities2021Targets"
2.1e+07,2006,"CDPCities2021Targets"
1385546,2012,"CDPCities2021Targets"
NA,NA,"CDPCities2021Targets"
NA,NA,"CDPCities2021Targets"
11500000,2018,"CDPCities2021Targets"
NA,NA,"CDPCities2021Targets"
338711,2012,"CDPCities2021Targets"
NA,NA,"CDPCities2021Targets"
5462466,2016,"CDPCities2021Targets"
1137039,2012,"CDPCities2021Targets"
NA,NA,"CDPCities2021Targets"
NA,NA,"CDPCities2021Targets"
845460,2011,"CDPCities2021Targets"
11272,2019,"CDPCities2021Targets"
NA,NA,"CDPCities2021Targets"
390887,1990,"CDPCities2021Targets"
NA,2011,"CDPCities2021Targets"
NA,NA,"CDPCities2021Targets"
4469786,1991,"CDPCities2021Targets"
NA,NA,"CDPCities2021Targets"
6907000,2012,"CDPCities2021Targets"
617188,2017,"CDPCities2021Targets"
102736,1990,"CDPCities2021Targets"
NA,2030,"CDPCities2021Targets"
NA,NA,"CDPCities2021Targets"
NA,NA,"CDPCities2021Targets"
2326122,2005,"CDPCities2021Targets"
NA,NA,"CDPCities2021Targets"
NA,NA,"CDPCities2021Targets"
41000,2009,"CDPCities2021Targets"
NA,NA,"CDPCities2021Targets"
189638,2010,"CDPCities2021Targets"
NA,NA,"CDPCities2021Targets"
1315000,2005,"CDPCities2021Targets"
NA,NA,"CDPCities2021Targets"
5987870,2003,"CDPCities2021Targets"
NA,NA,"CDPCities2021Targets"
NA,NA,"CDPCities2021Targets"
NA,NA,"CDPCities2021Targets"
5181707,2006,"CDPCities2021Targets"
NA,NA,"CDPCities2021Targets"
NA,2009,"CDPCities2021Targets"
372176,2010,"CDPCities2021Targets"
8996.85,2013,"CDPCities2021Targets"
338673,2010,"CDPCities2021Targets"
NA,NA,"CDPCities2021Targets"
39066,2008,"CDPCities2021Targets"
9300000,2006,"CDPCities2021Targets"
1460435,2014,"CDPCities2021Targets"
32993.54,2016,"CDPCities2021Targets"
142886.55,2014,"CDPCities2021Targets"
44269.59,2017,"CDPCities2021Targets"
3852171,2014,"CDPCities2021Targets"
3505046,2016,"CDPCities2021Targets"
110.83,2015,"CDPCities2021Targets"
7872144.5,1990,"CDPCities2021Targets"
491120.64,2018,"CDPCities2021Targets"
686.53,2019,"CDPCities2021Targets"
NA,NA,"CDPCities2021Targets"
NA,NA,"CDPCities2021Targets"
NA,NA,"CDPCities2021Targets"
NA,NA,"CDPCities2021Targets"
402364,2007,"CDPCities2021Targets"
17014987,2012,"CDPCities2021Targets"
NA,NA,"CDPCities2021Targets"
NA,2020,"CDPCities2021Targets"
179230.68,2018,"CDPCities2021Targets"
NA,NA,"CDPCities2021Targets"
27215542,2000,"CDPCities2021Targets"
502094,2000,"CDPCities2021Targets"
187033,2011,"CDPCities2021Targets"
7600.61,2016,"CDPCities2021Targets"
NA,NA,"CDPCities2021Targets"
443693,2010,"CDPCities2021Targets"
NA,NA,"CDPCities2021Targets"
NA,NA,"CDPCities2021Targets"
NA,NA,"CDPCities2021Targets"
276411,1990,"CDPCities2021Targets"
50823,2018,"CDPCities2021Targets"
NA,NA,"CDPCities2021Targets"
30940900,2013,"CDPCities2021Targets"
NA,NA,"CDPCities2021Targets"
NA,NA,"CDPCities2021Targets"
77400000,1990,"CDPCities2021Targets"
NA,NA,"CDPCities2021Targets"
89889000,2019,"CDPCities2021Targets"
NA,NA,"CDPCities2021Targets"
NA,NA,"CDPCities2021Targets"
NA,NA,"CDPCities2021Targets"
NA,NA,"CDPCities2021Targets"
169500,2019,"CDPCities2021Targets"
NA,NA,"CDPCities2021Targets"
1374712,2010,"CDPCities2021Targets"
1288027,2006,"CDPCities2021Targets"
NA,NA,"CDPCities2021Targets"
NA,NA,"CDPCities2021Targets"
69109,2016,"CDPCities2021Targets"
618504,1990,"CDPCities2021Targets"
1653000,2005,"CDPCities2021Targets"
NA,NA,"CDPCities2021Targets"
10781451,2013,"CDPCities2021Targets"
NA,NA,"CDPCities2021Targets"
NA,NA,"CDPCities2021Targets"
NA,NA,"CDPCities2021Targets"
4823886,1990,"CDPCities2021Targets"
77400000,1990,"CDPCities2021Targets"
36700027,2005,"CDPCities2021Targets"
67372856,2005,"CDPCities2021Targets"
9.23,2019,"CDPCities2021Targets"
NA,NA,"CDPCities2021Targets"
17605000,2016,"CDPCities2021Targets"
224212,2007,"CDPCities2021Targets"
NA,NA,"CDPCities2021Targets"
13250423,2005,"CDPCities2021Targets"
32937.72,2018,"CDPCities2021Targets"
NA,NA,"CDPCities2021Targets"
10887000,2013,"CDPCities2021Targets"
4708374,2017,"CDPCities2021Targets"
NA,NA,"CDPCities2021Targets"
190.47,2018,"CDPCities2021Targets"
21590000,2013,"CDPCities2021Targets"
62200000,2000,"CDPCities2021Targets"
5067000,2005,"CDPCities2021Targets"
NA,2011,"CDPCities2021Targets"
NA,NA,"CDPCities2021Targets"
73914000,2017,"CDPCities2021Targets"
3201000,2013,"CDPCities2021Targets"
NA,NA,"CDPCities2021Targets"
NA,2009,"CDPCities2021Targets"
158550,2017,"CDPCities2021Targets"
1727029,2016,"CDPCities2021Targets"
NA,NA,"CDPCities2021Targets"
2067414,2015,"CDPCities2021Targets"
9660.92,2019,"CDPCities2021Targets"
NA,NA,"CDPCities2021Targets"
1753900,2016,"CDPCities2021Targets"
NA,NA,"CDPCities2021Targets"
NA,NA,"CDPCities2021Targets"
NA,NA,"CDPCities2021Targets"
365750,2007,"CDPCities2021Targets"
3438331,2016,"CDPCities2021Targets"
NA,NA,"CDPCities2021Targets"
255000,2005,"CDPCities2021Targets"
NA,NA,"CDPCities2021Targets"
5139514,2014,"CDPCities2021Targets"
10551,2007,"CDPCities2021Targets"
NA,NA,"CDPCities2021Targets"
29300000,1990,"CDPCities2021Targets"
NA,NA,"CDPCities2021Targets"
NA,NA,"CDPCities2021Targets"
5815521,2006,"CDPCities2021Targets"
26349728,2015,"CDPCities2021Targets"
NA,NA,"CDPCities2021Targets"
NA,NA,"CDPCities2021Targets"
NA,NA,"CDPCities2021Targets"
NA,NA,"CDPCities2021Targets"
10486684,2006,"CDPCities2021Targets"
5800000,2030,"CDPCities2021Targets"
90666,2010,"CDPCities2021Targets"
NA,NA,"CDPCities2021Targets"
249736,2018,"CDPCities2021Targets"
1304,2004,"CDPCities2021Targets"
1398700,2015,"CDPCities2021Targets"
NA,2015,"CDPCities2021Targets"
1130000,2005,"CDPCities2021Targets"
NA,NA,"CDPCities2021Targets"
4743380,1992,"CDPCities2021Targets"
1047516,2005,"CDPCities2021Targets"
7820179,2005,"CDPCities2021Targets"
54279.02,2014,"CDPCities2021Targets"
1500000,2015,"CDPCities2021Targets"
159110,2017,"CDPCities2021Targets"
617188,2017,"CDPCities2021Targets"
NA,NA,"CDPCities2021Targets"
NA,NA,"CDPCities2021Targets"
28195.09,2019,"CDPCities2021Targets"
NA,NA,"CDPCities2021Targets"
NA,NA,"CDPCities2021Targets"
1167000,2013,"CDPCities2021Targets"
267,2008,"CDPCities2021Targets"
0.1,2016,"CDPCities2021Targets"
NA,NA,"CDPCities2021Targets"
32346,2013,"CDPCities2021Targets"
198675,2010,"CDPCities2021Targets"
NA,NA,"CDPCities2021Targets"
NA,NA,"CDPCities2021Targets"
971000,2005,"CDPCities2021Targets"
1096227,2009,"CDPCities2021Targets"
NA,NA,"CDPCities2021Targets"
NA,NA,"CDPCities2021Targets"
NA,NA,"CDPCities2021Targets"
12954000,1990,"CDPCities2021Targets"
NA,NA,"CDPCities2021Targets"
930596,2015,"CDPCities2021Targets"
9921457,2016,"CDPCities2021Targets"
NA,NA,"CDPCities2021Targets"
NA,NA,"CDPCities2021Targets"
NA,2016,"CDPCities2021Targets"
5499222,2012,"CDPCities2021Targets"
9356.97,2019,"CDPCities2021Targets"
NA,NA,"CDPCities2021Targets"
NA,NA,"CDPCities2021Targets"
NA,NA,"CDPCities2021Targets"
11847.69,2016,"CDPCities2021Targets"
NA,NA,"CDPCities2021Targets"
1700000,2017,"CDPCities2021Targets"
NA,NA,"CDPCities2021Targets"
1156679,2016,"CDPCities2021Targets"
NA,2005,"CDPCities2021Targets"
3562797,2015,"CDPCities2021Targets"
8081418,2005,"CDPCities2021Targets"
NA,NA,"CDPCities2021Targets"
1935342.31,2010,"CDPCities2021Targets"
21252347,2016,"CDPCities2021Targets"
1061266,2010,"CDPCities2021Targets"
22177409,2010,"CDPCities2021Targets"
6907000,2012,"CDPCities2021Targets"
NA,NA,"CDPCities2021Targets"
4600000,2010,"CDPCities2021Targets"
NA,NA,"CDPCities2021Targets"
958084,2010,"CDPCities2021Targets"
NA,NA,"CDPCities2021Targets"
NA,NA,"CDPCities2021Targets"
11342945,2017,"CDPCities2021Targets"
NA,NA,"CDPCities2021Targets"
NA,NA,"CDPCities2021Targets"
7908000,2013,"CDPCities2021Targets"
NA,NA,"CDPCities2021Targets"
9921457,2016,"CDPCities2021Targets"
159110,2017,"CDPCities2021Targets"
NA,NA,"CDPCities2021Targets"
2519980,2005,"CDPCities2021Targets"
1913,2013,"CDPCities2021Targets"
NA,NA,"CDPCities2021Targets"
NA,NA,"CDPCities2021Targets"
7408100,2007,"CDPCities2021Targets"
670000,1990,"CDPCities2021Targets"
2040,2017,"CDPCities2021Targets"
3667560.36,2015,"CDPCities2021Targets"
NA,NA,"CDPCities2021Targets"
460733,2016,"CDPCities2021Targets"
NA,NA,"CDPCities2021Targets"
1509773.9,2009,"CDPCities2021Targets"
NA,2015,"CDPCities2021Targets"
NA,NA,"CDPCities2021Targets"
780119,1990,"CDPCities2021Targets"
1315000,2005,"CDPCities2021Targets"
61062452,2005,"CDPCities2021Targets"
269927,2006,"CDPCities2021Targets"
332000,2013,"CDPCities2021Targets"
313.93,2018,"CDPCities2021Targets"
1059700,2013,"CDPCities2021Targets"
13250423,2005,"CDPCities2021Targets"
1060217,1990,"CDPCities2021Targets"
4456893,2010,"CDPCities2021Targets"
NA,NA,"CDPCities2021Targets"
NA,NA,"CDPCities2021Targets"
1236200,1990,"CDPCities2021Targets"
NA,NA,"CDPCities2021Targets"
1653000,2005,"CDPCities2021Targets"
NA,NA,"CDPCities2021Targets"
NA,NA,"CDPCities2021Targets"
34019427,2000,"CDPCities2021Targets"
NA,NA,"CDPCities2021Targets"
76300,2006,"CDPCities2021Targets"
NA,1990,"CDPCities2021Targets"
NA,NA,"CDPCities2021Targets"
801044,2017,"CDPCities2021Targets"
NA,2010,"CDPCities2021Targets"
NA,2018,"CDPCities2021Targets"
368368,2011,"CDPCities2021Targets"
NA,NA,"CDPCities2021Targets"
NA,NA,"CDPCities2021Targets"
NA,NA,"CDPCities2021Targets"
29300000,1990,"CDPCities2021Targets"
NA,NA,"CDPCities2021Targets"
655000,1990,"CDPCities2021Targets"
362234,2010,"CDPCities2021Targets"
NA,NA,"CDPCities2021Targets"
227000,2009,"CDPCities2021Targets"
NA,NA,"CDPCities2021Targets"
NA,NA,"CDPCities2021Targets"
691383742.02,2008,"CDPCities2021Targets"
783501.92,2018,"CDPCities2021Targets"
3.43,2019,"CDPCities2021Targets"
NA,NA,"CDPCities2021Targets"
7700073,2015,"CDPCities2021Targets"
548500,2005,"CDPCities2021Targets"
NA,NA,"CDPCities2021Targets"
NA,NA,"CDPCities2021Targets"
NA,NA,"CDPCities2021Targets"
937,2011,"CDPCities2021Targets"
1398700,2015,"CDPCities2021Targets"
1040500,2013,"CDPCities2021Targets"
2164000,2008,"CDPCities2021Targets"
390887,1990,"CDPCities2021Targets"
NA,NA,"CDPCities2021Targets"
NA,NA,"CDPCities2021Targets"
NA,NA,"CDPCities2021Targets"
15702727,1990,"CDPCities2021Targets"
NA,NA,"CDPCities2021Targets"
NA,NA,"CDPCities2021Targets"
8100647,2016,"CDPCities2021Targets"
28345000,2013,"CDPCities2021Targets"
NA,NA,"CDPCities2021Targets"
NA,NA,"CDPCities2021Targets"
29300000,1990,"CDPCities2021Targets"
1469611,1990,"CDPCities2021Targets"
222008.13,2016,"CDPCities2021Targets"
301809,2018,"CDPCities2021Targets"
327580,2008,"CDPCities2021Targets"
3779328,2017,"CDPCities2021Targets"
NA,NA,"CDPCities2021Targets"
86000,2017,"CDPCities2021Targets"
5181707,2006,"CDPCities2021Targets"
NA,NA,"CDPCities2021Targets"
NA,NA,"CDPCities2021Targets"
NA,NA,"CDPCities2021Targets"
NA,NA,"CDPCities2021Targets"
12905,2003,"CDPCities2021Targets"
9300000,2006,"CDPCities2021Targets"
NA,NA,"CDPCities2021Targets"
2682000,2005,"CDPCities2021Targets"
1665000,2013,"CDPCities2021Targets"
NA,NA,"CDPCities2021Targets"
340921,2019,"CDPCities2021Targets"
1460000,1990,"CDPCities2021Targets"
958084,2010,"CDPCities2021Targets"
NA,NA,"CDPCities2021Targets"
809352,2016,"CDPCities2021Targets"
5843189,2005,"CDPCities2021Targets"
NA,NA,"CDPCities2021Targets"
NA,NA,"CDPCities2021Targets"
1445993,2010,"CDPCities2021Targets"
NA,NA,"CDPCities2021Targets"
NA,NA,"CDPCities2021Targets"
9300000,2006,"CDPCities2021Targets"
1386640,1990,"CDPCities2021Targets"
93583.57,2017,"CDPCities2021Targets"
NA,NA,"CDPCities2021Targets"
12707065,2010,"CDPCities2021Targets"
29000,2009,"CDPCities2021Targets"
NA,NA,"CDPCities2021Targets"
17191915,2016,"CDPCities2021Targets"
NA,NA,"CDPCities2021Targets"
NA,NA,"CDPCities2021Targets"
NA,NA,"CDPCities2021Targets"
NA,NA,"CDPCities2021Targets"
21252347,2016,"CDPCities2021Targets"
NA,NA,"CDPCities2021Targets"
NA,2030,"CDPCities2021Targets"
NA,NA,"CDPCities2021Targets"
2271913,2005,"CDPCities2021Targets"
6408191,2015,"CDPCities2021Targets"
28345000,2013,"CDPCities2021Targets"
NA,NA,"CDPCities2021Targets"
321129,2003,"CDPCities2021Targets"
NA,NA,"CDPCities2021Targets"
83010.31,2017,"CDPCities2021Targets"
1252913,2007,"CDPCities2021Targets"
NA,NA,"CDPCities2021Targets"
NA,NA,"CDPCities2021Targets"
169345,2010,"CDPCities2021Targets"
1943330,2017,"CDPCities2021Targets"
2053000,2013,"CDPCities2021Targets"
238457,2013,"CDPCities2021Targets"
1760464,1990,"CDPCities2021Targets"
19510422,2005,"CDPCities2021Targets"
15793731,2005,"CDPCities2021Targets"
NA,NA,"CDPCities2021Targets"
622,2013,"CDPCities2021Targets"
2854000,2007,"CDPCities2021Targets"
9341782,2010,"CDPCities2021Targets"
NA,NA,"CDPCities2021Targets"
2108797,2016,"CDPCities2021Targets"
3371851,2015,"CDPCities2021Targets"
NA,NA,"CDPCities2021Targets"
15789438,2015,"CDPCities2021Targets"
NA,NA,"CDPCities2021Targets"
NA,NA,"CDPCities2021Targets"
5672432,2007,"CDPCities2021Targets"
44269.59,2017,"CDPCities2021Targets"
89609,2019,"CDPCities2021Targets"
83010.31,2017,"CDPCities2021Targets"
267721,2007,"CDPCities2021Targets"
NA,NA,"CDPCities2021Targets"
NA,NA,"CDPCities2021Targets"
NA,NA,"CDPCities2021Targets"
105769,2008,"CDPCities2021Targets"
NA,NA,"CDPCities2021Targets"
NA,NA,"CDPCities2021Targets"
840419,2017,"CDPCities2021Targets"
33414134,2014,"CDPCities2021Targets"
900055.66,2014,"CDPCities2021Targets"
48820,2005,"CDPCities2021Targets"
NA,NA,"CDPCities2021Targets"
NA,2010,"CDPCities2021Targets"
NA,NA,"CDPCities2021Targets"
392906,2019,"CDPCities2021Targets"
NA,NA,"CDPCities2021Targets"
1315000,2005,"CDPCities2021Targets"
NA,NA,"CDPCities2021Targets"
49652.35,2016,"CDPCities2021Targets"
402556.12,2016,"CDPCities2021Targets"
NA,NA,"CDPCities2021Targets"
5545007,2013,"CDPCities2021Targets"
NA,NA,"CDPCities2021Targets"
461499,2018,"CDPCities2021Targets"
NA,NA,"CDPCities2021Targets"
3440000,1990,"CDPCities2021Targets"
NA,NA,"CDPCities2021Targets"
NA,NA,"CDPCities2021Targets"
463200,1990,"CDPCities2021Targets"
2108797,2016,"CDPCities2021Targets"
NA,NA,"CDPCities2021Targets"
NA,NA,"CDPCities2021Targets"
12516977,2010,"CDPCities2021Targets"
115157.94,2016,"CDPCities2021Targets"
NA,NA,"CDPCities2021Targets"
1082891,2005,"CDPCities2021Targets"
NA,NA,"CDPCities2021Targets"
NA,NA,"CDPCities2021Targets"
NA,NA,"CDPCities2021Targets"
19300000,2015,"CDPCities2021Targets"
2401845,2018,"CDPCities2021Targets"
4743380,1992,"CDPCities2021Targets"
408000,1990,"CDPCities2021Targets"
1398700,2015,"CDPCities2021Targets"
10437984,2015,"CDPCities2021Targets"
NA,NA,"CDPCities2021Targets"
1266234,2003,"CDPCities2021Targets"
NA,2005,"CDPCities2021Targets"
NA,NA,"CDPCities2021Targets"
2331000,1990,"CDPCities2021Targets"
NA,2015,"CDPCities2021Targets"
1146000,2018,"CDPCities2021Targets"
NA,NA,"CDPCities2021Targets"
459309,2011,"CDPCities2021Targets"
NA,NA,"CDPCities2021Targets"
26710,2019,"CDPCities2021Targets"
NA,NA,"CDPCities2021Targets"
NA,NA,"CDPCities2021Targets"
7820179,2005,"CDPCities2021Targets"
1065572.95,2016,"CDPCities2021Targets"
NA,NA,"CDPCities2021Targets"
6874000,1990,"CDPCities2021Targets"
22289335,2020,"CDPCities2021Targets"
1341564,2005,"CDPCities2021Targets"
6080000,2019,"CDPCities2021Targets"
NA,NA,"CDPCities2021Targets"
3894,2005,"CDPCities2021Targets"
2242000,1990,"CDPCities2021Targets"
NA,NA,"CDPCities2021Targets"
NA,NA,"CDPCities2021Targets"
NA,NA,"CDPCities2021Targets"
42665,2010,"CDPCities2021Targets"
23700000,1990,"CDPCities2021Targets"
3810000,1990,"CDPCities2021Targets"
NA,NA,"CDPCities2021Targets"
3708000,2008,"CDPCities2021Targets"
5384595,2015,"CDPCities2021Targets"
NA,NA,"CDPCities2021Targets"
1800000,2010,"CDPCities2021Targets"
NA,NA,"CDPCities2021Targets"
NA,NA,"CDPCities2021Targets"
380.84,2018,"CDPCities2021Targets"
708779.02,2018,"CDPCities2021Targets"
5300.57,2018,"CDPCities2021Targets"
NA,NA,"CDPCities2021Targets"
NA,NA,"CDPCities2021Targets"
35.59,2018,"CDPCities2021Targets"
NA,NA,"CDPCities2021Targets"
NA,NA,"CDPCities2021Targets"
NA,NA,"CDPCities2021Targets"
NA,NA,"CDPCities2021Targets"
NA,NA,"CDPCities2021Targets"
NA,NA,"CDPCities2021Targets"
NA,1990,"CDPCities2021Targets"
120218,2012,"CDPCities2021Targets"
NA,NA,"CDPCities2021Targets"
NA,NA,"CDPCities2021Targets"
6614448,2016,"CDPCities2021Targets"
1122935.52,2018,"CDPCities2021Targets"
NA,NA,"CDPCities2021Targets"
NA,NA,"CDPCities2021Targets"
5513890,2008,"CDPCities2021Targets"
392.79,2009,"CDPCities2021Targets"
653152,2015,"CDPCities2021Targets"
3514000,1990,"CDPCities2021Targets"
NA,NA,"CDPCities2021Targets"
2848300,2005,"CDPCities2021Targets"
NA,2018,"CDPCities2021Targets"
NA,NA,"CDPCities2021Targets"
NA,NA,"CDPCities2021Targets"
NA,NA,"CDPCities2021Targets"
NA,NA,"CDPCities2021Targets"
68384.51,2018,"CDPCities2021Targets"
48820,2005,"CDPCities2021Targets"
332000,2013,"CDPCities2021Targets"
NA,NA,"CDPCities2021Targets"
NA,NA,"CDPCities2021Targets"
NA,NA,"CDPCities2021Targets"
4047000,2005,"CDPCities2021Targets"
0.76,2019,"CDPCities2021Targets"
NA,NA,"CDPCities2021Targets"
NA,NA,"CDPCities2021Targets"
1.84,2014,"CDPCities2021Targets"
NA,2015,"CDPCities2021Targets"
NA,NA,"CDPCities2021Targets"
79900,2013,"CDPCities2021Targets"
772048,2014,"CDPCities2021Targets"
NA,NA,"CDPCities2021Targets"
NA,NA,"CDPCities2021Targets"
33414134,2014,"CDPCities2021Targets"
950793,2000,"CDPCities2021Targets"
250690.42,2018,"CDPCities2021Targets"
NA,NA,"CDPCities2021Targets"
NA,NA,"CDPCities2021Targets"
651426,2014,"CDPCities2021Targets"
NA,NA,"CDPCities2021Targets"
5987870,2003,"CDPCities2021Targets"
617188,2017,"CDPCities2021Targets"
NA,NA,"CDPCities2021Targets"
16350000,2005,"CDPCities2021Targets"
NA,2020,"CDPCities2021Targets"
826270.21,2016,"CDPCities2021Targets"
NA,NA,"CDPCities2021Targets"
NA,NA,"CDPCities2021Targets"
1187375,2003,"CDPCities2021Targets"
1171000,2017,"CDPCities2021Targets"
NA,NA,"CDPCities2021Targets"
3444,2013,"CDPCities2021Targets"
421884,2010,"CDPCities2021Targets"
1189840,2007,"CDPCities2021Targets"
NA,NA,"CDPCities2021Targets"
NA,NA,"CDPCities2021Targets"
NA,2020,"CDPCities2021Targets"
NA,NA,"CDPCities2021Targets"
2663901.43,2016,"CDPCities2021Targets"
NA,NA,"CDPCities2021Targets"
373867,2009,"CDPCities2021Targets"
NA,2020,"CDPCities2021Targets"
321129,2003,"CDPCities2021Targets"
NA,NA,"CDPCities2021Targets"
1146000,2018,"CDPCities2021Targets"
NA,NA,"CDPCities2021Targets"
7400000,2014,"CDPCities2021Targets"
38620.12,2016,"CDPCities2021Targets"
826270.21,2016,"CDPCities2021Targets"
NA,NA,"CDPCities2021Targets"
55500,2005,"CDPCities2021Targets"
NA,NA,"CDPCities2021Targets"
NA,NA,"CDPCities2021Targets"
29030,2009,"CDPCities2021Targets"
415.41,2008,"CDPCities2021Targets"
722000,2005,"CDPCities2021Targets"
NA,NA,"CDPCities2021Targets"
4550140.7,2018,"CDPCities2021Targets"
427280,1990,"CDPCities2021Targets"
NA,NA,"CDPCities2021Targets"
NA,NA,"CDPCities2021Targets"
300,2015,"CDPCities2021Targets"
2652837,2010,"CDPCities2021Targets"
NA,NA,"CDPCities2021Targets"
1.03e+08,1994,"CDPCities2021Targets"
2854000,2011,"CDPCities2021Targets"
1343,2013,"CDPCities2021Targets"
NA,NA,"CDPCities2021Targets"
2040,2017,"CDPCities2021Targets"
1513520,2018,"CDPCities2021Targets"
271386,2017,"CDPCities2021Targets"
958084,2010,"CDPCities2021Targets"
443693,2010,"CDPCities2021Targets"
NA,NA,"CDPCities2021Targets"
NA,NA,"CDPCities2021Targets"
120453.94,2017,"CDPCities2021Targets"
NA,NA,"CDPCities2021Targets"
582233.64,2014,"CDPCities2021Targets"
15827.15,2019,"CDPCities2021Targets"
1225169,2016,"CDPCities2021Targets"
118381,2018,"CDPCities2021Targets"
67610.41,2017,"CDPCities2021Targets"
10159290,2015,"CDPCities2021Targets"
48820,2005,"CDPCities2021Targets"
17191915,2016,"CDPCities2021Targets"
2118000,2005,"CDPCities2021Targets"
11871100,1990,"CDPCities2021Targets"
232728,2009,"CDPCities2021Targets"
NA,NA,"CDPCities2021Targets"
NA,NA,"CDPCities2021Targets"
3377333,2008,"CDPCities2021Targets"
22177409,2010,"CDPCities2021Targets"
415000,2008,"CDPCities2021Targets"
NA,NA,"CDPCities2021Targets"
7820179,2005,"CDPCities2021Targets"
NA,2009,"CDPCities2021Targets"
NA,NA,"CDPCities2021Targets"
NA,NA,"CDPCities2021Targets"
NA,NA,"CDPCities2021Targets"
19510422,2005,"CDPCities2021Targets"
311877,2013,"CDPCities2021Targets"
55422500,2013,"CDPCities2021Targets"
467598,2016,"CDPCities2021Targets"
NA,NA,"CDPCities2021Targets"
NA,NA,"CDPCities2021Targets"
NA,NA,"CDPCities2021Targets"
5545560,2017,"CDPCities2021Targets"
1398700,2015,"CDPCities2021Targets"
3606199,2014,"CDPCities2021Targets"
963239,2009,"CDPCities2021Targets"
25244177,1990,"CDPCities2021Targets"
1509302,2016,"CDPCities2021Targets"
19510422,2005,"CDPCities2021Targets"
NA,NA,"CDPCities2021Targets"
32346,2013,"CDPCities2021Targets"
54524,2019,"CDPCities2021Targets"
NA,NA,"CDPCities2021Targets"
NA,NA,"CDPCities2021Targets"
13008741,2015,"CDPCities2021Targets"
492000,2013,"CDPCities2021Targets"
4829715.14,2013,"CDPCities2021Targets"
NA,NA,"CDPCities2021Targets"
6907000,2012,"CDPCities2021Targets"
NA,NA,"CDPCities2021Targets"
17,2018,"CDPCities2021Targets"
1760464,1990,"CDPCities2021Targets"
149253,1990,"CDPCities2021Targets"
8150000,2016,"CDPCities2021Targets"
NA,NA,"CDPCities2021Targets"
3700000,2016,"CDPCities2021Targets"
119677,2019,"CDPCities2021Targets"
NA,NA,"CDPCities2021Targets"
264392,2015,"CDPCities2021Targets"
NA,NA,"CDPCities2021Targets"
NA,NA,"CDPCities2021Targets"
2447746,2007,"CDPCities2021Targets"
4400000,1990,"CDPCities2021Targets"
338673,2010,"CDPCities2021Targets"
1122451,2016,"CDPCities2021Targets"
NA,NA,"CDPCities2021Targets"
50888653,2019,"CDPCities2021Targets"
311877,2013,"CDPCities2021Targets"
NA,NA,"CDPCities2021Targets"
1991151.3,2018,"CDPCities2021Targets"
44269.59,2017,"CDPCities2021Targets"
13008741,2015,"CDPCities2021Targets"
25244177,1990,"CDPCities2021Targets"
NA,NA,"CDPCities2021Targets"
NA,NA,"CDPCities2021Targets"
390887,1990,"CDPCities2021Targets"
NA,NA,"CDPCities2021Targets"
NA,NA,"CDPCities2021Targets"
1594795.86,2014,"CDPCities2021Targets"
NA,NA,"CDPCities2021Targets"
73422,2013,"CDPCities2021Targets"
NA,NA,"CDPCities2021Targets"
NA,NA,"CDPCities2021Targets"
NA,NA,"CDPCities2021Targets"
964425,2005,"CDPCities2021Targets"
1225000,2010,"CDPCities2021Targets"
NA,NA,"CDPCities2021Targets"
NA,NA,"CDPCities2021Targets"
1071000,1990,"CDPCities2021Targets"
NA,NA,"CDPCities2021Targets"
943467,2012,"CDPCities2021Targets"
1398700,2015,"CDPCities2021Targets"
841068,2006,"CDPCities2021Targets"
NA,NA,"CDPCities2021Targets"
NA,NA,"CDPCities2021Targets"
2084,2013,"CDPCities2021Targets"
NA,NA,"CDPCities2021Targets"
NA,NA,"CDPCities2021Targets"
451410,1990,"CDPCities2021Targets"
2282663,1990,"CDPCities2021Targets"
NA,NA,"CDPCities2021Targets"
NA,NA,"CDPCities2021Targets"
244217.01,2018,"CDPCities2021Targets"
NA,NA,"CDPCities2021Targets"
NA,NA,"CDPCities2021Targets"
NA,NA,"CDPCities2021Targets"
NA,NA,"CDPCities2021Targets"
16350000,2005,"CDPCities2021Targets"
NA,NA,"CDPCities2021Targets"
NA,NA,"CDPCities2021Targets"
NA,NA,"CDPCities2021Targets"
3490318,2018,"CDPCities2021Targets"
NA,NA,"CDPCities2021Targets"
NA,NA,"CDPCities2021Targets"
7418000,2005,"CDPCities2021Targets"
6400000,2016,"CDPCities2021Targets"
NA,NA,"CDPCities2021Targets"
2053000,2013,"CDPCities2021Targets"
NA,NA,"CDPCities2021Targets"
NA,NA,"CDPCities2021Targets"
1620000,2017,"CDPCities2021Targets"
224212,2007,"CDPCities2021Targets"
2232000,2013,"CDPCities2021Targets"
1328610,2016,"CDPCities2021Targets"
6033,2006,"CDPCities2021Targets"
NA,NA,"CDPCities2021Targets"
NA,NA,"CDPCities2021Targets"
12457,2018,"CDPCities2021Targets"
NA,NA,"CDPCities2021Targets"
7418000,2005,"CDPCities2021Targets"
1600345,2005,"CDPCities2021Targets"
NA,NA,"CDPCities2021Targets"
NA,NA,"CDPCities2021Targets"
NA,NA,"CDPCities2021Targets"
NA,NA,"CDPCities2021Targets"
NA,NA,"CDPCities2021Targets"
462742,2018,"CDPCities2021Targets"
418136,2007,"CDPCities2021Targets"
2559016,2008,"CDPCities2021Targets"
NA,NA,"CDPCities2021Targets"
NA,NA,"CDPCities2021Targets"
NA,NA,"CDPCities2021Targets"
14479133,2016,"CDPCities2021Targets"
NA,NA,"CDPCities2021Targets"
11839000,2010,"CDPCities2021Targets"
954593,2010,"CDPCities2021Targets"
NA,NA,"CDPCities2021Targets"
19835303,2005,"CDPCities2021Targets"
365750,2007,"CDPCities2021Targets"
12097327,2021,"CDPCities2021Targets"
270041,2017,"CDPCities2021Targets"
1261231,2007,"CDPCities2021Targets"
3045704,2018,"CDPCities2021Targets"
29300000,1990,"CDPCities2021Targets"
19926,2013,"CDPCities2021Targets"
NA,NA,"CDPCities2021Targets"
596085,2008,"CDPCities2021Targets"
NA,NA,"CDPCities2021Targets"
NA,NA,"CDPCities2021Targets"
4093,2013,"CDPCities2021Targets"
459000,2012,"CDPCities2021Targets"
1269616.02,2005,"CDPCities2021Targets"
NA,NA,"CDPCities2021Targets"
0.24,2019,"CDPCities2021Targets"
47005.35,2016,"CDPCities2021Targets"
NA,NA,"CDPCities2021Targets"
1742087,2015,"CDPCities2021Targets"
3537000,2013,"CDPCities2021Targets"
NA,NA,"CDPCities2021Targets"
NA,NA,"CDPCities2021Targets"
10500000,2012,"CDPCities2021Targets"
NA,NA,"CDPCities2021Targets"
1061141,2012,"CDPCities2021Targets"
NA,NA,"CDPCities2021Targets"
2574000,1990,"CDPCities2021Targets"
NA,NA,"CDPCities2021Targets"
NA,NA,"CDPCities2021Targets"
16350000,2005,"CDPCities2021Targets"
NA,NA,"CDPCities2021Targets"
3045704,2018,"CDPCities2021Targets"
3505046,2016,"CDPCities2021Targets"
1161000,1990,"CDPCities2021Targets"
22491,2011,"CDPCities2021Targets"
1360000,2014,"CDPCities2021Targets"
328633,1990,"CDPCities2021Targets"
901800,2005,"CDPCities2021Targets"
NA,NA,"CDPCities2021Targets"
NA,NA,"CDPCities2021Targets"
33248711,1990,"CDPCities2021Targets"
728425,2000,"CDPCities2021Targets"
NA,NA,"CDPCities2021Targets"
NA,NA,"CDPCities2021Targets"
1057119,2001,"CDPCities2021Targets"
705303,2010,"CDPCities2021Targets"
